variable,raw_value,display_value,n,percent
v005,1714643,1714643,45,0.2501945957967308
v005,1571021,1571021,44,0.24463471589013674
v005,1701534,1701534,43,0.23907483598354273
v005,398255,398255,42,0.23351495607694872
v005,1190927,1190927,41,0.2279550761703547
v005,1207601,1207601,41,0.2279550761703547
v005,1085761,1085761,40,0.2223951962637607
v005,369971,369971,40,0.2223951962637607
v005,771784,771784,40,0.2223951962637607
v005,1976462,1976462,39,0.21683531635716666
v005,2159181,2159181,39,0.21683531635716666
v005,717565,717565,38,0.21127543645057265
v005,1195117,1195117,37,0.20571555654397863
v005,1637714,1637714,37,0.20571555654397863
v005,1778868,1778868,37,0.20571555654397863
v005,455188,455188,36,0.20015567663738462
v005,457750,457750,36,0.20015567663738462
v005,680475,680475,35,0.1945957967307906
v005,1000503,1000503,34,0.1890359168241966
v005,1730390,1730390,34,0.1890359168241966
v005,2149704,2149704,33,0.1834760369176026
v005,2958787,2958787,33,0.1834760369176026
v005,3648295,3648295,33,0.1834760369176026
v005,415385,415385,33,0.1834760369176026
v005,983546,983546,33,0.1834760369176026
v005,1029515,1029515,32,0.17791615701100857
v005,1162873,1162873,32,0.17791615701100857
v005,574055,574055,32,0.17791615701100857
v005,765104,765104,32,0.17791615701100857
v005,814703,814703,32,0.17791615701100857
v005,894044,894044,32,0.17791615701100857
v005,1136722,1136722,31,0.17235627710441456
v005,1254609,1254609,31,0.17235627710441456
v005,1292335,1292335,31,0.17235627710441456
v005,2071992,2071992,31,0.17235627710441456
v005,2564228,2564228,31,0.17235627710441456
v005,302917,302917,31,0.17235627710441456
v005,466184,466184,31,0.17235627710441456
v005,536393,536393,31,0.17235627710441456
v005,625868,625868,31,0.17235627710441456
v005,1737947,1737947,30,0.16679639719782052
v005,1939146,1939146,30,0.16679639719782052
v005,228225,228225,30,0.16679639719782052
v005,362161,362161,30,0.16679639719782052
v005,454221,454221,30,0.16679639719782052
v005,474022,474022,30,0.16679639719782052
v005,951197,951197,30,0.16679639719782052
v005,1139872,1139872,29,0.1612365172912265
v005,1151932,1151932,29,0.1612365172912265
v005,1463544,1463544,29,0.1612365172912265
v005,1661519,1661519,29,0.1612365172912265
v005,2197363,2197363,29,0.1612365172912265
v005,2636896,2636896,29,0.1612365172912265
v005,472239,472239,29,0.1612365172912265
v005,720509,720509,29,0.1612365172912265
v005,725599,725599,29,0.1612365172912265
v005,1087645,1087645,28,0.1556766373846325
v005,1442977,1442977,28,0.1556766373846325
v005,1765275,1765275,28,0.1556766373846325
v005,1863350,1863350,28,0.1556766373846325
v005,2066356,2066356,28,0.1556766373846325
v005,2250545,2250545,28,0.1556766373846325
v005,2466421,2466421,28,0.1556766373846325
v005,438426,438426,28,0.1556766373846325
v005,451473,451473,28,0.1556766373846325
v005,451844,451844,28,0.1556766373846325
v005,512565,512565,28,0.1556766373846325
v005,611982,611982,28,0.1556766373846325
v005,655606,655606,28,0.1556766373846325
v005,787919,787919,28,0.1556766373846325
v005,828671,828671,28,0.1556766373846325
v005,933448,933448,28,0.1556766373846325
v005,1282644,1282644,27,0.1501167574780385
v005,1486931,1486931,27,0.1501167574780385
v005,1872600,1872600,27,0.1501167574780385
v005,2183071,2183071,27,0.1501167574780385
v005,3779166,3779166,27,0.1501167574780385
v005,430610,430610,27,0.1501167574780385
v005,587699,587699,27,0.1501167574780385
v005,629189,629189,27,0.1501167574780385
v005,734178,734178,27,0.1501167574780385
v005,742580,742580,27,0.1501167574780385
v005,785169,785169,27,0.1501167574780385
v005,794233,794233,27,0.1501167574780385
v005,870950,870950,27,0.1501167574780385
v005,920323,920323,27,0.1501167574780385
v005,1044495,1044495,26,0.14455687757144448
v005,1282221,1282221,26,0.14455687757144448
v005,129968,129968,26,0.14455687757144448
v005,1319107,1319107,26,0.14455687757144448
v005,1335223,1335223,26,0.14455687757144448
v005,1440434,1440434,26,0.14455687757144448
v005,1491047,1491047,26,0.14455687757144448
v005,321772,321772,26,0.14455687757144448
v005,375282,375282,26,0.14455687757144448
v005,459070,459070,26,0.14455687757144448
v005,476125,476125,26,0.14455687757144448
v005,489864,489864,26,0.14455687757144448
v005,551494,551494,26,0.14455687757144448
v005,722081,722081,26,0.14455687757144448
v005,736656,736656,26,0.14455687757144448
v005,761564,761564,26,0.14455687757144448
v005,784839,784839,26,0.14455687757144448
v005,813333,813333,26,0.14455687757144448
v005,834122,834122,26,0.14455687757144448
v005,839849,839849,26,0.14455687757144448
v005,977805,977805,26,0.14455687757144448
v005,1025284,1025284,25,0.13899699766485044
v005,1110082,1110082,25,0.13899699766485044
v005,1200805,1200805,25,0.13899699766485044
v005,1350747,1350747,25,0.13899699766485044
v005,1352936,1352936,25,0.13899699766485044
v005,1443320,1443320,25,0.13899699766485044
v005,1575111,1575111,25,0.13899699766485044
v005,1652512,1652512,25,0.13899699766485044
v005,2425066,2425066,25,0.13899699766485044
v005,2577399,2577399,25,0.13899699766485044
v005,2794766,2794766,25,0.13899699766485044
v005,2843225,2843225,25,0.13899699766485044
v005,288726,288726,25,0.13899699766485044
v005,365822,365822,25,0.13899699766485044
v005,374104,374104,25,0.13899699766485044
v005,463418,463418,25,0.13899699766485044
v005,656470,656470,25,0.13899699766485044
v005,739605,739605,25,0.13899699766485044
v005,773421,773421,25,0.13899699766485044
v005,776442,776442,25,0.13899699766485044
v005,867484,867484,25,0.13899699766485044
v005,943030,943030,25,0.13899699766485044
v005,1021380,1021380,24,0.13343711775825642
v005,1029438,1029438,24,0.13343711775825642
v005,1089722,1089722,24,0.13343711775825642
v005,1368671,1368671,24,0.13343711775825642
v005,1444550,1444550,24,0.13343711775825642
v005,1515474,1515474,24,0.13343711775825642
v005,1718262,1718262,24,0.13343711775825642
v005,1975645,1975645,24,0.13343711775825642
v005,1999103,1999103,24,0.13343711775825642
v005,2669148,2669148,24,0.13343711775825642
v005,517991,517991,24,0.13343711775825642
v005,523385,523385,24,0.13343711775825642
v005,533638,533638,24,0.13343711775825642
v005,536628,536628,24,0.13343711775825642
v005,5455941,5455941,24,0.13343711775825642
v005,634042,634042,24,0.13343711775825642
v005,711080,711080,24,0.13343711775825642
v005,747027,747027,24,0.13343711775825642
v005,793524,793524,24,0.13343711775825642
v005,1016727,1016727,23,0.1278772378516624
v005,1110911,1110911,23,0.1278772378516624
v005,129522,129522,23,0.1278772378516624
v005,1423389,1423389,23,0.1278772378516624
v005,1477901,1477901,23,0.1278772378516624
v005,1567135,1567135,23,0.1278772378516624
v005,1643829,1643829,23,0.1278772378516624
v005,1650050,1650050,23,0.1278772378516624
v005,1738597,1738597,23,0.1278772378516624
v005,2078975,2078975,23,0.1278772378516624
v005,2091735,2091735,23,0.1278772378516624
v005,217294,217294,23,0.1278772378516624
v005,2215871,2215871,23,0.1278772378516624
v005,2613932,2613932,23,0.1278772378516624
v005,333600,333600,23,0.1278772378516624
v005,437495,437495,23,0.1278772378516624
v005,467615,467615,23,0.1278772378516624
v005,571469,571469,23,0.1278772378516624
v005,576512,576512,23,0.1278772378516624
v005,606707,606707,23,0.1278772378516624
v005,629169,629169,23,0.1278772378516624
v005,729748,729748,23,0.1278772378516624
v005,782434,782434,23,0.1278772378516624
v005,811136,811136,23,0.1278772378516624
v005,874307,874307,23,0.1278772378516624
v005,975131,975131,23,0.1278772378516624
v005,990516,990516,23,0.1278772378516624
v005,1001782,1001782,22,0.12231735794506837
v005,1030662,1030662,22,0.12231735794506837
v005,1359957,1359957,22,0.12231735794506837
v005,1383987,1383987,22,0.12231735794506837
v005,1485971,1485971,22,0.12231735794506837
v005,1663685,1663685,22,0.12231735794506837
v005,1699475,1699475,22,0.12231735794506837
v005,1750095,1750095,22,0.12231735794506837
v005,1842282,1842282,22,0.12231735794506837
v005,1846234,1846234,22,0.12231735794506837
v005,1996140,1996140,22,0.12231735794506837
v005,203277,203277,22,0.12231735794506837
v005,3075801,3075801,22,0.12231735794506837
v005,316201,316201,22,0.12231735794506837
v005,564494,564494,22,0.12231735794506837
v005,597842,597842,22,0.12231735794506837
v005,619705,619705,22,0.12231735794506837
v005,628181,628181,22,0.12231735794506837
v005,662482,662482,22,0.12231735794506837
v005,681635,681635,22,0.12231735794506837
v005,754490,754490,22,0.12231735794506837
v005,760990,760990,22,0.12231735794506837
v005,773866,773866,22,0.12231735794506837
v005,847201,847201,22,0.12231735794506837
v005,858838,858838,22,0.12231735794506837
v005,868374,868374,22,0.12231735794506837
v005,911357,911357,22,0.12231735794506837
v005,1061845,1061845,21,0.11675747803847436
v005,1098006,1098006,21,0.11675747803847436
v005,1114689,1114689,21,0.11675747803847436
v005,1154607,1154607,21,0.11675747803847436
v005,1169265,1169265,21,0.11675747803847436
v005,1170371,1170371,21,0.11675747803847436
v005,1224566,1224566,21,0.11675747803847436
v005,1334703,1334703,21,0.11675747803847436
v005,1560485,1560485,21,0.11675747803847436
v005,1737995,1737995,21,0.11675747803847436
v005,1841994,1841994,21,0.11675747803847436
v005,1960399,1960399,21,0.11675747803847436
v005,2696401,2696401,21,0.11675747803847436
v005,282681,282681,21,0.11675747803847436
v005,436820,436820,21,0.11675747803847436
v005,625091,625091,21,0.11675747803847436
v005,710810,710810,21,0.11675747803847436
v005,748712,748712,21,0.11675747803847436
v005,825850,825850,21,0.11675747803847436
v005,826584,826584,21,0.11675747803847436
v005,854778,854778,21,0.11675747803847436
v005,870340,870340,21,0.11675747803847436
v005,900499,900499,21,0.11675747803847436
v005,911916,911916,21,0.11675747803847436
v005,974717,974717,21,0.11675747803847436
v005,1010523,1010523,20,0.11119759813188035
v005,1041018,1041018,20,0.11119759813188035
v005,1053900,1053900,20,0.11119759813188035
v005,1171718,1171718,20,0.11119759813188035
v005,1182400,1182400,20,0.11119759813188035
v005,126755,126755,20,0.11119759813188035
v005,1303174,1303174,20,0.11119759813188035
v005,1321885,1321885,20,0.11119759813188035
v005,1451122,1451122,20,0.11119759813188035
v005,1489806,1489806,20,0.11119759813188035
v005,1848390,1848390,20,0.11119759813188035
v005,1878476,1878476,20,0.11119759813188035
v005,1902171,1902171,20,0.11119759813188035
v005,2078338,2078338,20,0.11119759813188035
v005,2211002,2211002,20,0.11119759813188035
v005,228219,228219,20,0.11119759813188035
v005,2296666,2296666,20,0.11119759813188035
v005,287695,287695,20,0.11119759813188035
v005,364924,364924,20,0.11119759813188035
v005,467782,467782,20,0.11119759813188035
v005,504095,504095,20,0.11119759813188035
v005,510277,510277,20,0.11119759813188035
v005,535621,535621,20,0.11119759813188035
v005,568592,568592,20,0.11119759813188035
v005,572155,572155,20,0.11119759813188035
v005,585871,585871,20,0.11119759813188035
v005,619826,619826,20,0.11119759813188035
v005,649871,649871,20,0.11119759813188035
v005,703626,703626,20,0.11119759813188035
v005,756193,756193,20,0.11119759813188035
v005,834055,834055,20,0.11119759813188035
v005,870304,870304,20,0.11119759813188035
v005,874884,874884,20,0.11119759813188035
v005,929782,929782,20,0.11119759813188035
v005,952460,952460,20,0.11119759813188035
v005,978228,978228,20,0.11119759813188035
v005,981418,981418,20,0.11119759813188035
v005,1032299,1032299,19,0.10563771822528632
v005,1101147,1101147,19,0.10563771822528632
v005,1115841,1115841,19,0.10563771822528632
v005,1179908,1179908,19,0.10563771822528632
v005,1193923,1193923,19,0.10563771822528632
v005,1369507,1369507,19,0.10563771822528632
v005,1523907,1523907,19,0.10563771822528632
v005,1959124,1959124,19,0.10563771822528632
v005,2199749,2199749,19,0.10563771822528632
v005,2227195,2227195,19,0.10563771822528632
v005,2233708,2233708,19,0.10563771822528632
v005,2424828,2424828,19,0.10563771822528632
v005,2457618,2457618,19,0.10563771822528632
v005,2575556,2575556,19,0.10563771822528632
v005,2612425,2612425,19,0.10563771822528632
v005,2997454,2997454,19,0.10563771822528632
v005,389374,389374,19,0.10563771822528632
v005,397779,397779,19,0.10563771822528632
v005,4158246,4158246,19,0.10563771822528632
v005,417202,417202,19,0.10563771822528632
v005,431336,431336,19,0.10563771822528632
v005,458245,458245,19,0.10563771822528632
v005,471825,471825,19,0.10563771822528632
v005,525776,525776,19,0.10563771822528632
v005,582079,582079,19,0.10563771822528632
v005,589273,589273,19,0.10563771822528632
v005,597223,597223,19,0.10563771822528632
v005,610933,610933,19,0.10563771822528632
v005,650789,650789,19,0.10563771822528632
v005,707133,707133,19,0.10563771822528632
v005,722421,722421,19,0.10563771822528632
v005,748604,748604,19,0.10563771822528632
v005,749570,749570,19,0.10563771822528632
v005,775424,775424,19,0.10563771822528632
v005,777099,777099,19,0.10563771822528632
v005,787516,787516,19,0.10563771822528632
v005,832924,832924,19,0.10563771822528632
v005,840070,840070,19,0.10563771822528632
v005,878784,878784,19,0.10563771822528632
v005,898569,898569,19,0.10563771822528632
v005,909046,909046,19,0.10563771822528632
v005,935745,935745,19,0.10563771822528632
v005,936136,936136,19,0.10563771822528632
v005,938869,938869,19,0.10563771822528632
v005,948200,948200,19,0.10563771822528632
v005,1117445,1117445,18,0.10007783831869231
v005,1125555,1125555,18,0.10007783831869231
v005,1134162,1134162,18,0.10007783831869231
v005,1277520,1277520,18,0.10007783831869231
v005,1295861,1295861,18,0.10007783831869231
v005,1298233,1298233,18,0.10007783831869231
v005,1643501,1643501,18,0.10007783831869231
v005,1733336,1733336,18,0.10007783831869231
v005,1769494,1769494,18,0.10007783831869231
v005,1806429,1806429,18,0.10007783831869231
v005,1810248,1810248,18,0.10007783831869231
v005,289457,289457,18,0.10007783831869231
v005,320507,320507,18,0.10007783831869231
v005,4080482,4080482,18,0.10007783831869231
v005,492979,492979,18,0.10007783831869231
v005,501912,501912,18,0.10007783831869231
v005,528223,528223,18,0.10007783831869231
v005,528626,528626,18,0.10007783831869231
v005,548172,548172,18,0.10007783831869231
v005,549288,549288,18,0.10007783831869231
v005,553406,553406,18,0.10007783831869231
v005,575034,575034,18,0.10007783831869231
v005,658253,658253,18,0.10007783831869231
v005,722084,722084,18,0.10007783831869231
v005,745341,745341,18,0.10007783831869231
v005,753704,753704,18,0.10007783831869231
v005,783613,783613,18,0.10007783831869231
v005,798177,798177,18,0.10007783831869231
v005,816786,816786,18,0.10007783831869231
v005,834193,834193,18,0.10007783831869231
v005,901485,901485,18,0.10007783831869231
v005,919344,919344,18,0.10007783831869231
v005,951152,951152,18,0.10007783831869231
v005,973439,973439,18,0.10007783831869231
v005,995250,995250,18,0.10007783831869231
v005,1044493,1044493,17,0.0945179584120983
v005,1061740,1061740,17,0.0945179584120983
v005,1161156,1161156,17,0.0945179584120983
v005,1173677,1173677,17,0.0945179584120983
v005,1218916,1218916,17,0.0945179584120983
v005,1289712,1289712,17,0.0945179584120983
v005,1454995,1454995,17,0.0945179584120983
v005,1492750,1492750,17,0.0945179584120983
v005,1612486,1612486,17,0.0945179584120983
v005,1749096,1749096,17,0.0945179584120983
v005,1752688,1752688,17,0.0945179584120983
v005,1799192,1799192,17,0.0945179584120983
v005,1846626,1846626,17,0.0945179584120983
v005,1934814,1934814,17,0.0945179584120983
v005,1987359,1987359,17,0.0945179584120983
v005,2012307,2012307,17,0.0945179584120983
v005,2056993,2056993,17,0.0945179584120983
v005,2388019,2388019,17,0.0945179584120983
v005,261352,261352,17,0.0945179584120983
v005,2880920,2880920,17,0.0945179584120983
v005,2922035,2922035,17,0.0945179584120983
v005,3003899,3003899,17,0.0945179584120983
v005,321522,321522,17,0.0945179584120983
v005,336459,336459,17,0.0945179584120983
v005,342720,342720,17,0.0945179584120983
v005,429208,429208,17,0.0945179584120983
v005,487936,487936,17,0.0945179584120983
v005,502262,502262,17,0.0945179584120983
v005,504998,504998,17,0.0945179584120983
v005,518187,518187,17,0.0945179584120983
v005,556220,556220,17,0.0945179584120983
v005,574841,574841,17,0.0945179584120983
v005,632949,632949,17,0.0945179584120983
v005,635717,635717,17,0.0945179584120983
v005,659096,659096,17,0.0945179584120983
v005,694156,694156,17,0.0945179584120983
v005,726048,726048,17,0.0945179584120983
v005,745613,745613,17,0.0945179584120983
v005,787273,787273,17,0.0945179584120983
v005,809734,809734,17,0.0945179584120983
v005,822239,822239,17,0.0945179584120983
v005,852427,852427,17,0.0945179584120983
v005,869804,869804,17,0.0945179584120983
v005,1007232,1007232,16,0.08895807850550429
v005,1020513,1020513,16,0.08895807850550429
v005,1023453,1023453,16,0.08895807850550429
v005,1073640,1073640,16,0.08895807850550429
v005,1081981,1081981,16,0.08895807850550429
v005,1175215,1175215,16,0.08895807850550429
v005,1202602,1202602,16,0.08895807850550429
v005,1254281,1254281,16,0.08895807850550429
v005,1255642,1255642,16,0.08895807850550429
v005,1257542,1257542,16,0.08895807850550429
v005,1345571,1345571,16,0.08895807850550429
v005,1355770,1355770,16,0.08895807850550429
v005,1383506,1383506,16,0.08895807850550429
v005,1394316,1394316,16,0.08895807850550429
v005,1519251,1519251,16,0.08895807850550429
v005,1804174,1804174,16,0.08895807850550429
v005,1859878,1859878,16,0.08895807850550429
v005,1928714,1928714,16,0.08895807850550429
v005,2063035,2063035,16,0.08895807850550429
v005,207164,207164,16,0.08895807850550429
v005,2186175,2186175,16,0.08895807850550429
v005,247556,247556,16,0.08895807850550429
v005,251652,251652,16,0.08895807850550429
v005,2605717,2605717,16,0.08895807850550429
v005,2706898,2706898,16,0.08895807850550429
v005,3010606,3010606,16,0.08895807850550429
v005,347029,347029,16,0.08895807850550429
v005,366039,366039,16,0.08895807850550429
v005,373963,373963,16,0.08895807850550429
v005,383645,383645,16,0.08895807850550429
v005,398839,398839,16,0.08895807850550429
v005,433428,433428,16,0.08895807850550429
v005,455667,455667,16,0.08895807850550429
v005,460272,460272,16,0.08895807850550429
v005,494466,494466,16,0.08895807850550429
v005,520270,520270,16,0.08895807850550429
v005,524658,524658,16,0.08895807850550429
v005,527067,527067,16,0.08895807850550429
v005,549710,549710,16,0.08895807850550429
v005,554305,554305,16,0.08895807850550429
v005,557199,557199,16,0.08895807850550429
v005,564244,564244,16,0.08895807850550429
v005,565538,565538,16,0.08895807850550429
v005,581742,581742,16,0.08895807850550429
v005,585186,585186,16,0.08895807850550429
v005,593556,593556,16,0.08895807850550429
v005,618135,618135,16,0.08895807850550429
v005,647188,647188,16,0.08895807850550429
v005,663089,663089,16,0.08895807850550429
v005,663282,663282,16,0.08895807850550429
v005,667676,667676,16,0.08895807850550429
v005,695872,695872,16,0.08895807850550429
v005,707911,707911,16,0.08895807850550429
v005,829745,829745,16,0.08895807850550429
v005,847006,847006,16,0.08895807850550429
v005,878079,878079,16,0.08895807850550429
v005,932498,932498,16,0.08895807850550429
v005,943356,943356,16,0.08895807850550429
v005,979880,979880,16,0.08895807850550429
v005,1166765,1166765,15,0.08339819859891026
v005,1282625,1282625,15,0.08339819859891026
v005,1300638,1300638,15,0.08339819859891026
v005,1331589,1331589,15,0.08339819859891026
v005,1413676,1413676,15,0.08339819859891026
v005,1425905,1425905,15,0.08339819859891026
v005,145585,145585,15,0.08339819859891026
v005,1526118,1526118,15,0.08339819859891026
v005,1537781,1537781,15,0.08339819859891026
v005,1546775,1546775,15,0.08339819859891026
v005,1551657,1551657,15,0.08339819859891026
v005,1553815,1553815,15,0.08339819859891026
v005,1683877,1683877,15,0.08339819859891026
v005,188168,188168,15,0.08339819859891026
v005,1895618,1895618,15,0.08339819859891026
v005,1944982,1944982,15,0.08339819859891026
v005,1954478,1954478,15,0.08339819859891026
v005,2110036,2110036,15,0.08339819859891026
v005,2116005,2116005,15,0.08339819859891026
v005,215914,215914,15,0.08339819859891026
v005,222094,222094,15,0.08339819859891026
v005,2860526,2860526,15,0.08339819859891026
v005,295922,295922,15,0.08339819859891026
v005,304885,304885,15,0.08339819859891026
v005,313830,313830,15,0.08339819859891026
v005,383921,383921,15,0.08339819859891026
v005,453893,453893,15,0.08339819859891026
v005,462781,462781,15,0.08339819859891026
v005,467604,467604,15,0.08339819859891026
v005,474618,474618,15,0.08339819859891026
v005,498124,498124,15,0.08339819859891026
v005,501489,501489,15,0.08339819859891026
v005,519474,519474,15,0.08339819859891026
v005,520351,520351,15,0.08339819859891026
v005,523992,523992,15,0.08339819859891026
v005,530415,530415,15,0.08339819859891026
v005,531166,531166,15,0.08339819859891026
v005,549327,549327,15,0.08339819859891026
v005,556094,556094,15,0.08339819859891026
v005,559137,559137,15,0.08339819859891026
v005,573694,573694,15,0.08339819859891026
v005,589793,589793,15,0.08339819859891026
v005,595987,595987,15,0.08339819859891026
v005,625535,625535,15,0.08339819859891026
v005,656733,656733,15,0.08339819859891026
v005,684276,684276,15,0.08339819859891026
v005,705726,705726,15,0.08339819859891026
v005,709685,709685,15,0.08339819859891026
v005,715499,715499,15,0.08339819859891026
v005,741782,741782,15,0.08339819859891026
v005,751300,751300,15,0.08339819859891026
v005,758940,758940,15,0.08339819859891026
v005,768194,768194,15,0.08339819859891026
v005,784341,784341,15,0.08339819859891026
v005,797116,797116,15,0.08339819859891026
v005,799668,799668,15,0.08339819859891026
v005,872286,872286,15,0.08339819859891026
v005,894682,894682,15,0.08339819859891026
v005,897605,897605,15,0.08339819859891026
v005,912499,912499,15,0.08339819859891026
v005,961730,961730,15,0.08339819859891026
v005,968901,968901,15,0.08339819859891026
v005,993142,993142,15,0.08339819859891026
v005,1014653,1014653,14,0.07783831869231625
v005,1029397,1029397,14,0.07783831869231625
v005,1074591,1074591,14,0.07783831869231625
v005,1082610,1082610,14,0.07783831869231625
v005,1088762,1088762,14,0.07783831869231625
v005,1181028,1181028,14,0.07783831869231625
v005,1219514,1219514,14,0.07783831869231625
v005,1224494,1224494,14,0.07783831869231625
v005,1311547,1311547,14,0.07783831869231625
v005,1324128,1324128,14,0.07783831869231625
v005,1356562,1356562,14,0.07783831869231625
v005,1407911,1407911,14,0.07783831869231625
v005,1504986,1504986,14,0.07783831869231625
v005,1606666,1606666,14,0.07783831869231625
v005,1697482,1697482,14,0.07783831869231625
v005,1784943,1784943,14,0.07783831869231625
v005,202713,202713,14,0.07783831869231625
v005,343205,343205,14,0.07783831869231625
v005,356180,356180,14,0.07783831869231625
v005,373292,373292,14,0.07783831869231625
v005,381990,381990,14,0.07783831869231625
v005,407162,407162,14,0.07783831869231625
v005,408092,408092,14,0.07783831869231625
v005,455233,455233,14,0.07783831869231625
v005,478557,478557,14,0.07783831869231625
v005,503550,503550,14,0.07783831869231625
v005,510025,510025,14,0.07783831869231625
v005,519040,519040,14,0.07783831869231625
v005,557228,557228,14,0.07783831869231625
v005,583716,583716,14,0.07783831869231625
v005,607874,607874,14,0.07783831869231625
v005,614995,614995,14,0.07783831869231625
v005,628638,628638,14,0.07783831869231625
v005,634252,634252,14,0.07783831869231625
v005,637606,637606,14,0.07783831869231625
v005,661472,661472,14,0.07783831869231625
v005,740589,740589,14,0.07783831869231625
v005,747455,747455,14,0.07783831869231625
v005,753868,753868,14,0.07783831869231625
v005,791172,791172,14,0.07783831869231625
v005,815467,815467,14,0.07783831869231625
v005,834611,834611,14,0.07783831869231625
v005,856343,856343,14,0.07783831869231625
v005,886765,886765,14,0.07783831869231625
v005,903079,903079,14,0.07783831869231625
v005,928558,928558,14,0.07783831869231625
v005,940143,940143,14,0.07783831869231625
v005,941446,941446,14,0.07783831869231625
v005,960289,960289,14,0.07783831869231625
v005,987650,987650,14,0.07783831869231625
v005,1012773,1012773,13,0.07227843878572224
v005,1015213,1015213,13,0.07227843878572224
v005,1026681,1026681,13,0.07227843878572224
v005,1070529,1070529,13,0.07227843878572224
v005,1237849,1237849,13,0.07227843878572224
v005,1269626,1269626,13,0.07227843878572224
v005,1280795,1280795,13,0.07227843878572224
v005,1283745,1283745,13,0.07227843878572224
v005,1343553,1343553,13,0.07227843878572224
v005,1395399,1395399,13,0.07227843878572224
v005,1417526,1417526,13,0.07227843878572224
v005,1577179,1577179,13,0.07227843878572224
v005,1627365,1627365,13,0.07227843878572224
v005,2019225,2019225,13,0.07227843878572224
v005,2105590,2105590,13,0.07227843878572224
v005,2623643,2623643,13,0.07227843878572224
v005,266565,266565,13,0.07227843878572224
v005,2748443,2748443,13,0.07227843878572224
v005,298597,298597,13,0.07227843878572224
v005,317588,317588,13,0.07227843878572224
v005,363708,363708,13,0.07227843878572224
v005,379569,379569,13,0.07227843878572224
v005,391132,391132,13,0.07227843878572224
v005,436560,436560,13,0.07227843878572224
v005,467643,467643,13,0.07227843878572224
v005,476066,476066,13,0.07227843878572224
v005,487626,487626,13,0.07227843878572224
v005,493088,493088,13,0.07227843878572224
v005,517794,517794,13,0.07227843878572224
v005,531669,531669,13,0.07227843878572224
v005,558489,558489,13,0.07227843878572224
v005,558695,558695,13,0.07227843878572224
v005,562437,562437,13,0.07227843878572224
v005,588872,588872,13,0.07227843878572224
v005,610990,610990,13,0.07227843878572224
v005,618920,618920,13,0.07227843878572224
v005,624868,624868,13,0.07227843878572224
v005,647625,647625,13,0.07227843878572224
v005,667072,667072,13,0.07227843878572224
v005,671234,671234,13,0.07227843878572224
v005,683863,683863,13,0.07227843878572224
v005,695029,695029,13,0.07227843878572224
v005,716898,716898,13,0.07227843878572224
v005,723917,723917,13,0.07227843878572224
v005,747966,747966,13,0.07227843878572224
v005,750860,750860,13,0.07227843878572224
v005,755559,755559,13,0.07227843878572224
v005,771543,771543,13,0.07227843878572224
v005,773758,773758,13,0.07227843878572224
v005,785636,785636,13,0.07227843878572224
v005,862621,862621,13,0.07227843878572224
v005,880365,880365,13,0.07227843878572224
v005,880829,880829,13,0.07227843878572224
v005,883401,883401,13,0.07227843878572224
v005,886863,886863,13,0.07227843878572224
v005,889437,889437,13,0.07227843878572224
v005,901719,901719,13,0.07227843878572224
v005,915958,915958,13,0.07227843878572224
v005,940361,940361,13,0.07227843878572224
v005,943624,943624,13,0.07227843878572224
v005,989295,989295,13,0.07227843878572224
v005,1010093,1010093,12,0.06671855887912821
v005,1027044,1027044,12,0.06671855887912821
v005,1036460,1036460,12,0.06671855887912821
v005,1050758,1050758,12,0.06671855887912821
v005,1052408,1052408,12,0.06671855887912821
v005,1096624,1096624,12,0.06671855887912821
v005,1100812,1100812,12,0.06671855887912821
v005,1105012,1105012,12,0.06671855887912821
v005,1147707,1147707,12,0.06671855887912821
v005,1168042,1168042,12,0.06671855887912821
v005,1227794,1227794,12,0.06671855887912821
v005,1229569,1229569,12,0.06671855887912821
v005,1239102,1239102,12,0.06671855887912821
v005,138532,138532,12,0.06671855887912821
v005,1395560,1395560,12,0.06671855887912821
v005,1402674,1402674,12,0.06671855887912821
v005,1403879,1403879,12,0.06671855887912821
v005,1467260,1467260,12,0.06671855887912821
v005,1590064,1590064,12,0.06671855887912821
v005,1626618,1626618,12,0.06671855887912821
v005,1629234,1629234,12,0.06671855887912821
v005,1745545,1745545,12,0.06671855887912821
v005,2005668,2005668,12,0.06671855887912821
v005,2065144,2065144,12,0.06671855887912821
v005,254032,254032,12,0.06671855887912821
v005,254551,254551,12,0.06671855887912821
v005,2697002,2697002,12,0.06671855887912821
v005,274320,274320,12,0.06671855887912821
v005,282473,282473,12,0.06671855887912821
v005,306881,306881,12,0.06671855887912821
v005,338047,338047,12,0.06671855887912821
v005,354228,354228,12,0.06671855887912821
v005,386151,386151,12,0.06671855887912821
v005,460378,460378,12,0.06671855887912821
v005,462085,462085,12,0.06671855887912821
v005,485762,485762,12,0.06671855887912821
v005,494193,494193,12,0.06671855887912821
v005,528477,528477,12,0.06671855887912821
v005,535749,535749,12,0.06671855887912821
v005,539616,539616,12,0.06671855887912821
v005,543807,543807,12,0.06671855887912821
v005,545849,545849,12,0.06671855887912821
v005,558988,558988,12,0.06671855887912821
v005,576890,576890,12,0.06671855887912821
v005,578355,578355,12,0.06671855887912821
v005,615077,615077,12,0.06671855887912821
v005,632099,632099,12,0.06671855887912821
v005,655265,655265,12,0.06671855887912821
v005,655872,655872,12,0.06671855887912821
v005,673502,673502,12,0.06671855887912821
v005,679695,679695,12,0.06671855887912821
v005,685352,685352,12,0.06671855887912821
v005,689302,689302,12,0.06671855887912821
v005,704704,704704,12,0.06671855887912821
v005,714498,714498,12,0.06671855887912821
v005,735652,735652,12,0.06671855887912821
v005,756427,756427,12,0.06671855887912821
v005,817989,817989,12,0.06671855887912821
v005,824644,824644,12,0.06671855887912821
v005,828237,828237,12,0.06671855887912821
v005,844881,844881,12,0.06671855887912821
v005,872702,872702,12,0.06671855887912821
v005,949720,949720,12,0.06671855887912821
v005,961360,961360,12,0.06671855887912821
v005,1023748,1023748,11,0.061158678972534186
v005,1037929,1037929,11,0.061158678972534186
v005,1057672,1057672,11,0.061158678972534186
v005,1076027,1076027,11,0.061158678972534186
v005,1085238,1085238,11,0.061158678972534186
v005,1089855,1089855,11,0.061158678972534186
v005,1151934,1151934,11,0.061158678972534186
v005,1155181,1155181,11,0.061158678972534186
v005,1156595,1156595,11,0.061158678972534186
v005,1165210,1165210,11,0.061158678972534186
v005,1170382,1170382,11,0.061158678972534186
v005,1172779,1172779,11,0.061158678972534186
v005,1217507,1217507,11,0.061158678972534186
v005,1231817,1231817,11,0.061158678972534186
v005,1246535,1246535,11,0.061158678972534186
v005,1261793,1261793,11,0.061158678972534186
v005,1262909,1262909,11,0.061158678972534186
v005,1367239,1367239,11,0.061158678972534186
v005,1384618,1384618,11,0.061158678972534186
v005,1429318,1429318,11,0.061158678972534186
v005,1465273,1465273,11,0.061158678972534186
v005,1531628,1531628,11,0.061158678972534186
v005,1579964,1579964,11,0.061158678972534186
v005,1589377,1589377,11,0.061158678972534186
v005,1651736,1651736,11,0.061158678972534186
v005,1677142,1677142,11,0.061158678972534186
v005,1933336,1933336,11,0.061158678972534186
v005,208443,208443,11,0.061158678972534186
v005,2106008,2106008,11,0.061158678972534186
v005,2126472,2126472,11,0.061158678972534186
v005,2165987,2165987,11,0.061158678972534186
v005,225558,225558,11,0.061158678972534186
v005,240397,240397,11,0.061158678972534186
v005,299030,299030,11,0.061158678972534186
v005,323758,323758,11,0.061158678972534186
v005,3472687,3472687,11,0.061158678972534186
v005,351827,351827,11,0.061158678972534186
v005,354422,354422,11,0.061158678972534186
v005,375068,375068,11,0.061158678972534186
v005,387629,387629,11,0.061158678972534186
v005,391817,391817,11,0.061158678972534186
v005,397306,397306,11,0.061158678972534186
v005,408501,408501,11,0.061158678972534186
v005,426322,426322,11,0.061158678972534186
v005,430257,430257,11,0.061158678972534186
v005,453606,453606,11,0.061158678972534186
v005,467350,467350,11,0.061158678972534186
v005,490718,490718,11,0.061158678972534186
v005,494075,494075,11,0.061158678972534186
v005,503790,503790,11,0.061158678972534186
v005,543295,543295,11,0.061158678972534186
v005,553710,553710,11,0.061158678972534186
v005,563957,563957,11,0.061158678972534186
v005,599535,599535,11,0.061158678972534186
v005,615479,615479,11,0.061158678972534186
v005,635708,635708,11,0.061158678972534186
v005,636702,636702,11,0.061158678972534186
v005,651803,651803,11,0.061158678972534186
v005,660070,660070,11,0.061158678972534186
v005,661069,661069,11,0.061158678972534186
v005,686155,686155,11,0.061158678972534186
v005,689916,689916,11,0.061158678972534186
v005,693149,693149,11,0.061158678972534186
v005,695234,695234,11,0.061158678972534186
v005,711145,711145,11,0.061158678972534186
v005,783612,783612,11,0.061158678972534186
v005,805181,805181,11,0.061158678972534186
v005,806222,806222,11,0.061158678972534186
v005,814559,814559,11,0.061158678972534186
v005,849173,849173,11,0.061158678972534186
v005,849908,849908,11,0.061158678972534186
v005,878043,878043,11,0.061158678972534186
v005,907048,907048,11,0.061158678972534186
v005,914096,914096,11,0.061158678972534186
v005,914729,914729,11,0.061158678972534186
v005,938647,938647,11,0.061158678972534186
v005,944321,944321,11,0.061158678972534186
v005,967440,967440,11,0.061158678972534186
v005,973117,973117,11,0.061158678972534186
v005,973445,973445,11,0.061158678972534186
v005,1014691,1014691,10,0.055598799065940174
v005,1017373,1017373,10,0.055598799065940174
v005,1018013,1018013,10,0.055598799065940174
v005,1030241,1030241,10,0.055598799065940174
v005,1092290,1092290,10,0.055598799065940174
v005,1104298,1104298,10,0.055598799065940174
v005,1105078,1105078,10,0.055598799065940174
v005,1143137,1143137,10,0.055598799065940174
v005,1151784,1151784,10,0.055598799065940174
v005,1167698,1167698,10,0.055598799065940174
v005,1175145,1175145,10,0.055598799065940174
v005,1175386,1175386,10,0.055598799065940174
v005,1192222,1192222,10,0.055598799065940174
v005,1221477,1221477,10,0.055598799065940174
v005,1238502,1238502,10,0.055598799065940174
v005,1328258,1328258,10,0.055598799065940174
v005,1373166,1373166,10,0.055598799065940174
v005,1385901,1385901,10,0.055598799065940174
v005,1397275,1397275,10,0.055598799065940174
v005,1432042,1432042,10,0.055598799065940174
v005,1493643,1493643,10,0.055598799065940174
v005,151471,151471,10,0.055598799065940174
v005,1523645,1523645,10,0.055598799065940174
v005,1539160,1539160,10,0.055598799065940174
v005,1702126,1702126,10,0.055598799065940174
v005,1715913,1715913,10,0.055598799065940174
v005,1758040,1758040,10,0.055598799065940174
v005,1839746,1839746,10,0.055598799065940174
v005,1867888,1867888,10,0.055598799065940174
v005,190833,190833,10,0.055598799065940174
v005,204861,204861,10,0.055598799065940174
v005,2073723,2073723,10,0.055598799065940174
v005,2086908,2086908,10,0.055598799065940174
v005,2357166,2357166,10,0.055598799065940174
v005,241681,241681,10,0.055598799065940174
v005,274957,274957,10,0.055598799065940174
v005,295972,295972,10,0.055598799065940174
v005,297803,297803,10,0.055598799065940174
v005,301000,301000,10,0.055598799065940174
v005,306923,306923,10,0.055598799065940174
v005,329431,329431,10,0.055598799065940174
v005,330785,330785,10,0.055598799065940174
v005,340756,340756,10,0.055598799065940174
v005,417079,417079,10,0.055598799065940174
v005,443004,443004,10,0.055598799065940174
v005,4728284,4728284,10,0.055598799065940174
v005,495779,495779,10,0.055598799065940174
v005,499932,499932,10,0.055598799065940174
v005,500767,500767,10,0.055598799065940174
v005,515476,515476,10,0.055598799065940174
v005,527570,527570,10,0.055598799065940174
v005,531182,531182,10,0.055598799065940174
v005,543368,543368,10,0.055598799065940174
v005,556796,556796,10,0.055598799065940174
v005,557260,557260,10,0.055598799065940174
v005,563306,563306,10,0.055598799065940174
v005,569954,569954,10,0.055598799065940174
v005,586557,586557,10,0.055598799065940174
v005,596542,596542,10,0.055598799065940174
v005,616985,616985,10,0.055598799065940174
v005,627078,627078,10,0.055598799065940174
v005,629635,629635,10,0.055598799065940174
v005,641094,641094,10,0.055598799065940174
v005,666568,666568,10,0.055598799065940174
v005,673986,673986,10,0.055598799065940174
v005,674564,674564,10,0.055598799065940174
v005,676934,676934,10,0.055598799065940174
v005,677361,677361,10,0.055598799065940174
v005,687201,687201,10,0.055598799065940174
v005,699655,699655,10,0.055598799065940174
v005,699747,699747,10,0.055598799065940174
v005,717796,717796,10,0.055598799065940174
v005,741485,741485,10,0.055598799065940174
v005,742220,742220,10,0.055598799065940174
v005,783835,783835,10,0.055598799065940174
v005,786033,786033,10,0.055598799065940174
v005,794639,794639,10,0.055598799065940174
v005,800715,800715,10,0.055598799065940174
v005,830403,830403,10,0.055598799065940174
v005,850146,850146,10,0.055598799065940174
v005,85505,85505,10,0.055598799065940174
v005,884496,884496,10,0.055598799065940174
v005,892584,892584,10,0.055598799065940174
v005,896524,896524,10,0.055598799065940174
v005,904374,904374,10,0.055598799065940174
v005,929295,929295,10,0.055598799065940174
v005,950998,950998,10,0.055598799065940174
v005,973321,973321,10,0.055598799065940174
v005,978201,978201,10,0.055598799065940174
v005,1029803,1029803,9,0.050038919159346155
v005,1030420,1030420,9,0.050038919159346155
v005,1032090,1032090,9,0.050038919159346155
v005,1038552,1038552,9,0.050038919159346155
v005,1038741,1038741,9,0.050038919159346155
v005,1044144,1044144,9,0.050038919159346155
v005,1057983,1057983,9,0.050038919159346155
v005,1210505,1210505,9,0.050038919159346155
v005,1250369,1250369,9,0.050038919159346155
v005,1290387,1290387,9,0.050038919159346155
v005,1336167,1336167,9,0.050038919159346155
v005,1411093,1411093,9,0.050038919159346155
v005,1444047,1444047,9,0.050038919159346155
v005,1478946,1478946,9,0.050038919159346155
v005,1485798,1485798,9,0.050038919159346155
v005,1504139,1504139,9,0.050038919159346155
v005,1572317,1572317,9,0.050038919159346155
v005,1611851,1611851,9,0.050038919159346155
v005,1659865,1659865,9,0.050038919159346155
v005,1672471,1672471,9,0.050038919159346155
v005,1678503,1678503,9,0.050038919159346155
v005,168610,168610,9,0.050038919159346155
v005,1704445,1704445,9,0.050038919159346155
v005,1714008,1714008,9,0.050038919159346155
v005,1806508,1806508,9,0.050038919159346155
v005,1906462,1906462,9,0.050038919159346155
v005,203465,203465,9,0.050038919159346155
v005,2040379,2040379,9,0.050038919159346155
v005,215946,215946,9,0.050038919159346155
v005,2230546,2230546,9,0.050038919159346155
v005,266897,266897,9,0.050038919159346155
v005,2694498,2694498,9,0.050038919159346155
v005,285371,285371,9,0.050038919159346155
v005,3140629,3140629,9,0.050038919159346155
v005,324588,324588,9,0.050038919159346155
v005,369869,369869,9,0.050038919159346155
v005,379853,379853,9,0.050038919159346155
v005,402041,402041,9,0.050038919159346155
v005,402089,402089,9,0.050038919159346155
v005,407152,407152,9,0.050038919159346155
v005,422010,422010,9,0.050038919159346155
v005,442333,442333,9,0.050038919159346155
v005,446072,446072,9,0.050038919159346155
v005,449111,449111,9,0.050038919159346155
v005,472823,472823,9,0.050038919159346155
v005,475566,475566,9,0.050038919159346155
v005,491963,491963,9,0.050038919159346155
v005,493326,493326,9,0.050038919159346155
v005,498616,498616,9,0.050038919159346155
v005,534475,534475,9,0.050038919159346155
v005,537756,537756,9,0.050038919159346155
v005,538640,538640,9,0.050038919159346155
v005,545775,545775,9,0.050038919159346155
v005,550867,550867,9,0.050038919159346155
v005,559246,559246,9,0.050038919159346155
v005,571912,571912,9,0.050038919159346155
v005,576732,576732,9,0.050038919159346155
v005,587364,587364,9,0.050038919159346155
v005,608284,608284,9,0.050038919159346155
v005,616720,616720,9,0.050038919159346155
v005,620083,620083,9,0.050038919159346155
v005,641634,641634,9,0.050038919159346155
v005,657722,657722,9,0.050038919159346155
v005,669609,669609,9,0.050038919159346155
v005,684234,684234,9,0.050038919159346155
v005,688963,688963,9,0.050038919159346155
v005,710124,710124,9,0.050038919159346155
v005,726607,726607,9,0.050038919159346155
v005,732972,732972,9,0.050038919159346155
v005,741787,741787,9,0.050038919159346155
v005,752520,752520,9,0.050038919159346155
v005,787092,787092,9,0.050038919159346155
v005,787393,787393,9,0.050038919159346155
v005,813905,813905,9,0.050038919159346155
v005,816773,816773,9,0.050038919159346155
v005,833372,833372,9,0.050038919159346155
v005,875180,875180,9,0.050038919159346155
v005,896823,896823,9,0.050038919159346155
v005,918370,918370,9,0.050038919159346155
v005,923836,923836,9,0.050038919159346155
v005,932322,932322,9,0.050038919159346155
v005,968536,968536,9,0.050038919159346155
v005,973155,973155,9,0.050038919159346155
v005,981378,981378,9,0.050038919159346155
v005,989795,989795,9,0.050038919159346155
v005,1000205,1000205,8,0.044479039252752144
v005,1039210,1039210,8,0.044479039252752144
v005,1058004,1058004,8,0.044479039252752144
v005,1114518,1114518,8,0.044479039252752144
v005,1129079,1129079,8,0.044479039252752144
v005,1149055,1149055,8,0.044479039252752144
v005,1165099,1165099,8,0.044479039252752144
v005,1165625,1165625,8,0.044479039252752144
v005,1196472,1196472,8,0.044479039252752144
v005,1280188,1280188,8,0.044479039252752144
v005,1280546,1280546,8,0.044479039252752144
v005,1280838,1280838,8,0.044479039252752144
v005,1290117,1290117,8,0.044479039252752144
v005,1370161,1370161,8,0.044479039252752144
v005,1400967,1400967,8,0.044479039252752144
v005,1403112,1403112,8,0.044479039252752144
v005,1403995,1403995,8,0.044479039252752144
v005,1453418,1453418,8,0.044479039252752144
v005,1465353,1465353,8,0.044479039252752144
v005,1511455,1511455,8,0.044479039252752144
v005,1593639,1593639,8,0.044479039252752144
v005,1744533,1744533,8,0.044479039252752144
v005,1755724,1755724,8,0.044479039252752144
v005,1789753,1789753,8,0.044479039252752144
v005,1829811,1829811,8,0.044479039252752144
v005,1872072,1872072,8,0.044479039252752144
v005,1993816,1993816,8,0.044479039252752144
v005,222370,222370,8,0.044479039252752144
v005,275258,275258,8,0.044479039252752144
v005,306472,306472,8,0.044479039252752144
v005,348638,348638,8,0.044479039252752144
v005,371561,371561,8,0.044479039252752144
v005,390679,390679,8,0.044479039252752144
v005,392650,392650,8,0.044479039252752144
v005,404282,404282,8,0.044479039252752144
v005,430620,430620,8,0.044479039252752144
v005,446271,446271,8,0.044479039252752144
v005,447585,447585,8,0.044479039252752144
v005,452712,452712,8,0.044479039252752144
v005,473952,473952,8,0.044479039252752144
v005,488905,488905,8,0.044479039252752144
v005,510079,510079,8,0.044479039252752144
v005,523998,523998,8,0.044479039252752144
v005,546573,546573,8,0.044479039252752144
v005,554963,554963,8,0.044479039252752144
v005,560473,560473,8,0.044479039252752144
v005,569510,569510,8,0.044479039252752144
v005,579621,579621,8,0.044479039252752144
v005,623463,623463,8,0.044479039252752144
v005,625948,625948,8,0.044479039252752144
v005,650408,650408,8,0.044479039252752144
v005,658753,658753,8,0.044479039252752144
v005,670441,670441,8,0.044479039252752144
v005,696454,696454,8,0.044479039252752144
v005,713877,713877,8,0.044479039252752144
v005,735281,735281,8,0.044479039252752144
v005,747782,747782,8,0.044479039252752144
v005,756171,756171,8,0.044479039252752144
v005,762567,762567,8,0.044479039252752144
v005,762674,762674,8,0.044479039252752144
v005,773793,773793,8,0.044479039252752144
v005,776837,776837,8,0.044479039252752144
v005,807940,807940,8,0.044479039252752144
v005,832079,832079,8,0.044479039252752144
v005,834483,834483,8,0.044479039252752144
v005,840291,840291,8,0.044479039252752144
v005,850733,850733,8,0.044479039252752144
v005,899215,899215,8,0.044479039252752144
v005,909511,909511,8,0.044479039252752144
v005,914341,914341,8,0.044479039252752144
v005,926629,926629,8,0.044479039252752144
v005,933935,933935,8,0.044479039252752144
v005,934507,934507,8,0.044479039252752144
v005,945047,945047,8,0.044479039252752144
v005,957576,957576,8,0.044479039252752144
v005,975650,975650,8,0.044479039252752144
v005,981719,981719,8,0.044479039252752144
v005,986718,986718,8,0.044479039252752144
v005,1002858,1002858,7,0.038919159346158125
v005,1003232,1003232,7,0.038919159346158125
v005,1037454,1037454,7,0.038919159346158125
v005,1049982,1049982,7,0.038919159346158125
v005,1100783,1100783,7,0.038919159346158125
v005,1103185,1103185,7,0.038919159346158125
v005,1175569,1175569,7,0.038919159346158125
v005,1184027,1184027,7,0.038919159346158125
v005,1188458,1188458,7,0.038919159346158125
v005,1189290,1189290,7,0.038919159346158125
v005,1209207,1209207,7,0.038919159346158125
v005,1213540,1213540,7,0.038919159346158125
v005,1229122,1229122,7,0.038919159346158125
v005,1272177,1272177,7,0.038919159346158125
v005,1276395,1276395,7,0.038919159346158125
v005,1373342,1373342,7,0.038919159346158125
v005,1380611,1380611,7,0.038919159346158125
v005,1414611,1414611,7,0.038919159346158125
v005,1437434,1437434,7,0.038919159346158125
v005,1542096,1542096,7,0.038919159346158125
v005,1644787,1644787,7,0.038919159346158125
v005,1712353,1712353,7,0.038919159346158125
v005,171855,171855,7,0.038919159346158125
v005,1881089,1881089,7,0.038919159346158125
v005,2220310,2220310,7,0.038919159346158125
v005,227744,227744,7,0.038919159346158125
v005,2368553,2368553,7,0.038919159346158125
v005,2378819,2378819,7,0.038919159346158125
v005,2467339,2467339,7,0.038919159346158125
v005,273190,273190,7,0.038919159346158125
v005,326160,326160,7,0.038919159346158125
v005,350229,350229,7,0.038919159346158125
v005,384180,384180,7,0.038919159346158125
v005,421206,421206,7,0.038919159346158125
v005,448094,448094,7,0.038919159346158125
v005,466019,466019,7,0.038919159346158125
v005,467563,467563,7,0.038919159346158125
v005,496028,496028,7,0.038919159346158125
v005,496380,496380,7,0.038919159346158125
v005,497235,497235,7,0.038919159346158125
v005,498984,498984,7,0.038919159346158125
v005,518153,518153,7,0.038919159346158125
v005,518763,518763,7,0.038919159346158125
v005,521625,521625,7,0.038919159346158125
v005,542666,542666,7,0.038919159346158125
v005,546741,546741,7,0.038919159346158125
v005,563479,563479,7,0.038919159346158125
v005,563920,563920,7,0.038919159346158125
v005,568923,568923,7,0.038919159346158125
v005,578920,578920,7,0.038919159346158125
v005,581975,581975,7,0.038919159346158125
v005,585350,585350,7,0.038919159346158125
v005,604597,604597,7,0.038919159346158125
v005,624905,624905,7,0.038919159346158125
v005,731957,731957,7,0.038919159346158125
v005,736159,736159,7,0.038919159346158125
v005,769457,769457,7,0.038919159346158125
v005,779533,779533,7,0.038919159346158125
v005,780580,780580,7,0.038919159346158125
v005,785644,785644,7,0.038919159346158125
v005,802757,802757,7,0.038919159346158125
v005,818997,818997,7,0.038919159346158125
v005,822140,822140,7,0.038919159346158125
v005,823282,823282,7,0.038919159346158125
v005,826752,826752,7,0.038919159346158125
v005,846771,846771,7,0.038919159346158125
v005,861068,861068,7,0.038919159346158125
v005,889805,889805,7,0.038919159346158125
v005,912602,912602,7,0.038919159346158125
v005,927889,927889,7,0.038919159346158125
v005,932566,932566,7,0.038919159346158125
v005,962814,962814,7,0.038919159346158125
v005,974821,974821,7,0.038919159346158125
v005,976187,976187,7,0.038919159346158125
v005,1029428,1029428,6,0.033359279439564106
v005,1087011,1087011,6,0.033359279439564106
v005,1089672,1089672,6,0.033359279439564106
v005,1134860,1134860,6,0.033359279439564106
v005,1145971,1145971,6,0.033359279439564106
v005,1182014,1182014,6,0.033359279439564106
v005,1183671,1183671,6,0.033359279439564106
v005,1258615,1258615,6,0.033359279439564106
v005,1266084,1266084,6,0.033359279439564106
v005,1326628,1326628,6,0.033359279439564106
v005,1347752,1347752,6,0.033359279439564106
v005,1364589,1364589,6,0.033359279439564106
v005,1369672,1369672,6,0.033359279439564106
v005,1413113,1413113,6,0.033359279439564106
v005,1455075,1455075,6,0.033359279439564106
v005,1488215,1488215,6,0.033359279439564106
v005,1522790,1522790,6,0.033359279439564106
v005,1593049,1593049,6,0.033359279439564106
v005,1702006,1702006,6,0.033359279439564106
v005,176067,176067,6,0.033359279439564106
v005,1803079,1803079,6,0.033359279439564106
v005,2094095,2094095,6,0.033359279439564106
v005,213507,213507,6,0.033359279439564106
v005,2235536,2235536,6,0.033359279439564106
v005,280206,280206,6,0.033359279439564106
v005,284639,284639,6,0.033359279439564106
v005,288163,288163,6,0.033359279439564106
v005,304180,304180,6,0.033359279439564106
v005,307040,307040,6,0.033359279439564106
v005,366201,366201,6,0.033359279439564106
v005,369481,369481,6,0.033359279439564106
v005,383181,383181,6,0.033359279439564106
v005,386183,386183,6,0.033359279439564106
v005,388347,388347,6,0.033359279439564106
v005,412056,412056,6,0.033359279439564106
v005,422924,422924,6,0.033359279439564106
v005,451430,451430,6,0.033359279439564106
v005,468934,468934,6,0.033359279439564106
v005,476156,476156,6,0.033359279439564106
v005,483397,483397,6,0.033359279439564106
v005,494798,494798,6,0.033359279439564106
v005,498118,498118,6,0.033359279439564106
v005,512580,512580,6,0.033359279439564106
v005,515506,515506,6,0.033359279439564106
v005,517105,517105,6,0.033359279439564106
v005,525515,525515,6,0.033359279439564106
v005,558017,558017,6,0.033359279439564106
v005,566743,566743,6,0.033359279439564106
v005,632188,632188,6,0.033359279439564106
v005,635821,635821,6,0.033359279439564106
v005,639340,639340,6,0.033359279439564106
v005,643549,643549,6,0.033359279439564106
v005,662610,662610,6,0.033359279439564106
v005,663804,663804,6,0.033359279439564106
v005,684392,684392,6,0.033359279439564106
v005,689549,689549,6,0.033359279439564106
v005,739572,739572,6,0.033359279439564106
v005,765823,765823,6,0.033359279439564106
v005,766492,766492,6,0.033359279439564106
v005,771133,771133,6,0.033359279439564106
v005,808850,808850,6,0.033359279439564106
v005,812888,812888,6,0.033359279439564106
v005,814806,814806,6,0.033359279439564106
v005,824129,824129,6,0.033359279439564106
v005,845073,845073,6,0.033359279439564106
v005,850543,850543,6,0.033359279439564106
v005,882749,882749,6,0.033359279439564106
v005,898747,898747,6,0.033359279439564106
v005,906711,906711,6,0.033359279439564106
v005,911512,911512,6,0.033359279439564106
v005,916423,916423,6,0.033359279439564106
v005,931553,931553,6,0.033359279439564106
v005,961924,961924,6,0.033359279439564106
v005,1024081,1024081,5,0.027799399532970087
v005,1067594,1067594,5,0.027799399532970087
v005,1073127,1073127,5,0.027799399532970087
v005,1073722,1073722,5,0.027799399532970087
v005,1103400,1103400,5,0.027799399532970087
v005,1118128,1118128,5,0.027799399532970087
v005,1120598,1120598,5,0.027799399532970087
v005,1160949,1160949,5,0.027799399532970087
v005,1175584,1175584,5,0.027799399532970087
v005,1180210,1180210,5,0.027799399532970087
v005,1233391,1233391,5,0.027799399532970087
v005,1241524,1241524,5,0.027799399532970087
v005,1251213,1251213,5,0.027799399532970087
v005,1251928,1251928,5,0.027799399532970087
v005,1268694,1268694,5,0.027799399532970087
v005,1275236,1275236,5,0.027799399532970087
v005,1333171,1333171,5,0.027799399532970087
v005,1393571,1393571,5,0.027799399532970087
v005,147354,147354,5,0.027799399532970087
v005,1477589,1477589,5,0.027799399532970087
v005,1522547,1522547,5,0.027799399532970087
v005,1575879,1575879,5,0.027799399532970087
v005,1639174,1639174,5,0.027799399532970087
v005,1871976,1871976,5,0.027799399532970087
v005,2218080,2218080,5,0.027799399532970087
v005,240324,240324,5,0.027799399532970087
v005,2405808,2405808,5,0.027799399532970087
v005,2468822,2468822,5,0.027799399532970087
v005,258707,258707,5,0.027799399532970087
v005,2632071,2632071,5,0.027799399532970087
v005,272346,272346,5,0.027799399532970087
v005,3579591,3579591,5,0.027799399532970087
v005,388059,388059,5,0.027799399532970087
v005,394194,394194,5,0.027799399532970087
v005,398663,398663,5,0.027799399532970087
v005,408993,408993,5,0.027799399532970087
v005,421288,421288,5,0.027799399532970087
v005,426886,426886,5,0.027799399532970087
v005,429768,429768,5,0.027799399532970087
v005,439751,439751,5,0.027799399532970087
v005,450094,450094,5,0.027799399532970087
v005,477615,477615,5,0.027799399532970087
v005,484870,484870,5,0.027799399532970087
v005,506027,506027,5,0.027799399532970087
v005,507009,507009,5,0.027799399532970087
v005,519254,519254,5,0.027799399532970087
v005,538776,538776,5,0.027799399532970087
v005,540395,540395,5,0.027799399532970087
v005,558418,558418,5,0.027799399532970087
v005,560408,560408,5,0.027799399532970087
v005,565257,565257,5,0.027799399532970087
v005,572547,572547,5,0.027799399532970087
v005,582960,582960,5,0.027799399532970087
v005,583173,583173,5,0.027799399532970087
v005,621271,621271,5,0.027799399532970087
v005,622095,622095,5,0.027799399532970087
v005,625173,625173,5,0.027799399532970087
v005,655411,655411,5,0.027799399532970087
v005,664439,664439,5,0.027799399532970087
v005,697783,697783,5,0.027799399532970087
v005,702479,702479,5,0.027799399532970087
v005,714882,714882,5,0.027799399532970087
v005,742192,742192,5,0.027799399532970087
v005,763765,763765,5,0.027799399532970087
v005,769987,769987,5,0.027799399532970087
v005,799107,799107,5,0.027799399532970087
v005,814238,814238,5,0.027799399532970087
v005,814955,814955,5,0.027799399532970087
v005,821445,821445,5,0.027799399532970087
v005,834126,834126,5,0.027799399532970087
v005,844916,844916,5,0.027799399532970087
v005,848003,848003,5,0.027799399532970087
v005,874291,874291,5,0.027799399532970087
v005,920819,920819,5,0.027799399532970087
v005,927365,927365,5,0.027799399532970087
v005,931127,931127,5,0.027799399532970087
v005,969436,969436,5,0.027799399532970087
v005,969704,969704,5,0.027799399532970087
v005,1020855,1020855,4,0.022239519626376072
v005,1029137,1029137,4,0.022239519626376072
v005,1078307,1078307,4,0.022239519626376072
v005,1287942,1287942,4,0.022239519626376072
v005,1308406,1308406,4,0.022239519626376072
v005,1384400,1384400,4,0.022239519626376072
v005,1455964,1455964,4,0.022239519626376072
v005,1547194,1547194,4,0.022239519626376072
v005,1744808,1744808,4,0.022239519626376072
v005,1954113,1954113,4,0.022239519626376072
v005,1959169,1959169,4,0.022239519626376072
v005,1961037,1961037,4,0.022239519626376072
v005,2521699,2521699,4,0.022239519626376072
v005,2726715,2726715,4,0.022239519626376072
v005,277968,277968,4,0.022239519626376072
v005,288229,288229,4,0.022239519626376072
v005,300077,300077,4,0.022239519626376072
v005,309838,309838,4,0.022239519626376072
v005,341160,341160,4,0.022239519626376072
v005,445258,445258,4,0.022239519626376072
v005,457120,457120,4,0.022239519626376072
v005,475467,475467,4,0.022239519626376072
v005,499602,499602,4,0.022239519626376072
v005,500712,500712,4,0.022239519626376072
v005,507019,507019,4,0.022239519626376072
v005,518384,518384,4,0.022239519626376072
v005,542534,542534,4,0.022239519626376072
v005,556527,556527,4,0.022239519626376072
v005,562466,562466,4,0.022239519626376072
v005,599463,599463,4,0.022239519626376072
v005,604880,604880,4,0.022239519626376072
v005,616594,616594,4,0.022239519626376072
v005,651061,651061,4,0.022239519626376072
v005,655521,655521,4,0.022239519626376072
v005,657935,657935,4,0.022239519626376072
v005,660216,660216,4,0.022239519626376072
v005,687378,687378,4,0.022239519626376072
v005,714092,714092,4,0.022239519626376072
v005,718745,718745,4,0.022239519626376072
v005,806488,806488,4,0.022239519626376072
v005,821390,821390,4,0.022239519626376072
v005,843495,843495,4,0.022239519626376072
v005,850326,850326,4,0.022239519626376072
v005,868214,868214,4,0.022239519626376072
v005,868820,868820,4,0.022239519626376072
v005,924204,924204,4,0.022239519626376072
v005,1044895,1044895,3,0.016679639719782053
v005,1103737,1103737,3,0.016679639719782053
v005,1119081,1119081,3,0.016679639719782053
v005,1168571,1168571,3,0.016679639719782053
v005,1385151,1385151,3,0.016679639719782053
v005,141706,141706,3,0.016679639719782053
v005,1565382,1565382,3,0.016679639719782053
v005,1599127,1599127,3,0.016679639719782053
v005,1877386,1877386,3,0.016679639719782053
v005,2158611,2158611,3,0.016679639719782053
v005,2396122,2396122,3,0.016679639719782053
v005,312255,312255,3,0.016679639719782053
v005,324374,324374,3,0.016679639719782053
v005,348123,348123,3,0.016679639719782053
v005,383356,383356,3,0.016679639719782053
v005,386595,386595,3,0.016679639719782053
v005,420266,420266,3,0.016679639719782053
v005,466259,466259,3,0.016679639719782053
v005,473600,473600,3,0.016679639719782053
v005,485749,485749,3,0.016679639719782053
v005,517259,517259,3,0.016679639719782053
v005,564934,564934,3,0.016679639719782053
v005,565032,565032,3,0.016679639719782053
v005,579542,579542,3,0.016679639719782053
v005,597472,597472,3,0.016679639719782053
v005,598690,598690,3,0.016679639719782053
v005,638822,638822,3,0.016679639719782053
v005,651877,651877,3,0.016679639719782053
v005,660014,660014,3,0.016679639719782053
v005,677582,677582,3,0.016679639719782053
v005,687236,687236,3,0.016679639719782053
v005,694274,694274,3,0.016679639719782053
v005,728023,728023,3,0.016679639719782053
v005,766388,766388,3,0.016679639719782053
v005,772589,772589,3,0.016679639719782053
v005,783104,783104,3,0.016679639719782053
v005,793634,793634,3,0.016679639719782053
v005,808925,808925,3,0.016679639719782053
v005,817066,817066,3,0.016679639719782053
v005,818054,818054,3,0.016679639719782053
v005,962390,962390,3,0.016679639719782053
v005,1026115,1026115,2,0.011119759813188036
v005,1297978,1297978,2,0.011119759813188036
v005,1394121,1394121,2,0.011119759813188036
v005,1409161,1409161,2,0.011119759813188036
v005,1776978,1776978,2,0.011119759813188036
v005,298029,298029,2,0.011119759813188036
v005,441187,441187,2,0.011119759813188036
v005,481932,481932,2,0.011119759813188036
v005,492859,492859,2,0.011119759813188036
v005,505565,505565,2,0.011119759813188036
v005,531754,531754,2,0.011119759813188036
v005,556111,556111,2,0.011119759813188036
v005,564273,564273,2,0.011119759813188036
v005,602443,602443,2,0.011119759813188036
v005,611284,611284,2,0.011119759813188036
v005,624124,624124,2,0.011119759813188036
v005,676250,676250,2,0.011119759813188036
v005,696727,696727,2,0.011119759813188036
v005,737886,737886,2,0.011119759813188036
v005,827837,827837,2,0.011119759813188036
v005,857446,857446,2,0.011119759813188036
v005,889241,889241,2,0.011119759813188036
v005,893845,893845,2,0.011119759813188036
v005,907714,907714,2,0.011119759813188036
v005,972443,972443,2,0.011119759813188036
v005,988191,988191,2,0.011119759813188036
v005,1052348,1052348,1,0.005559879906594018
v005,116951,116951,1,0.005559879906594018
v005,1227316,1227316,1,0.005559879906594018
v005,1311608,1311608,1,0.005559879906594018
v005,1331693,1331693,1,0.005559879906594018
v005,208153,208153,1,0.005559879906594018
v005,227949,227949,1,0.005559879906594018
v005,367640,367640,1,0.005559879906594018
v005,553222,553222,1,0.005559879906594018
v005,616573,616573,1,0.005559879906594018
v005,840225,840225,1,0.005559879906594018
v005,862351,862351,1,0.005559879906594018
v005,918532,918532,1,0.005559879906594018
v021,356,356,45,0.2501945957967308
v021,1029,1029,44,0.24463471589013674
v021,68,68,43,0.23907483598354273
v021,179,179,42,0.23351495607694872
v021,180,180,41,0.2279550761703547
v021,69,69,41,0.2279550761703547
v021,170,170,40,0.2223951962637607
v021,397,397,40,0.2223951962637607
v021,444,444,40,0.2223951962637607
v021,352,352,39,0.21683531635716666
v021,394,394,39,0.21683531635716666
v021,208,208,38,0.21127543645057265
v021,329,329,37,0.20571555654397863
v021,427,427,37,0.20571555654397863
v021,471,471,37,0.20571555654397863
v021,169,169,36,0.20015567663738462
v021,266,266,36,0.20015567663738462
v021,137,137,35,0.1945957967307906
v021,131,131,34,0.1890359168241966
v021,92,92,34,0.1890359168241966
v021,267,267,33,0.1834760369176026
v021,318,318,33,0.1834760369176026
v021,335,335,33,0.1834760369176026
v021,64,64,33,0.1834760369176026
v021,66,66,33,0.1834760369176026
v021,1024,1024,32,0.17791615701100857
v021,134,134,32,0.17791615701100857
v021,140,140,32,0.17791615701100857
v021,165,165,32,0.17791615701100857
v021,344,344,32,0.17791615701100857
v021,540,540,32,0.17791615701100857
v021,1031,1031,31,0.17235627710441456
v021,155,155,31,0.17235627710441456
v021,177,177,31,0.17235627710441456
v021,214,214,31,0.17235627710441456
v021,363,363,31,0.17235627710441456
v021,392,392,31,0.17235627710441456
v021,426,426,31,0.17235627710441456
v021,428,428,31,0.17235627710441456
v021,436,436,31,0.17235627710441456
v021,172,172,30,0.16679639719782052
v021,175,175,30,0.16679639719782052
v021,272,272,30,0.16679639719782052
v021,350,350,30,0.16679639719782052
v021,431,431,30,0.16679639719782052
v021,52,52,30,0.16679639719782052
v021,612,612,30,0.16679639719782052
v021,146,146,29,0.1612365172912265
v021,277,277,29,0.1612365172912265
v021,29,29,29,0.1612365172912265
v021,310,310,29,0.1612365172912265
v021,317,317,29,0.1612365172912265
v021,374,374,29,0.1612365172912265
v021,399,399,29,0.1612365172912265
v021,440,440,29,0.1612365172912265
v021,551,551,29,0.1612365172912265
v021,1030,1030,28,0.1556766373846325
v021,138,138,28,0.1556766373846325
v021,141,141,28,0.1556766373846325
v021,142,142,28,0.1556766373846325
v021,144,144,28,0.1556766373846325
v021,158,158,28,0.1556766373846325
v021,159,159,28,0.1556766373846325
v021,271,271,28,0.1556766373846325
v021,34,34,28,0.1556766373846325
v021,366,366,28,0.1556766373846325
v021,375,375,28,0.1556766373846325
v021,395,395,28,0.1556766373846325
v021,435,435,28,0.1556766373846325
v021,556,556,28,0.1556766373846325
v021,603,603,28,0.1556766373846325
v021,621,621,28,0.1556766373846325
v021,136,136,27,0.1501167574780385
v021,145,145,27,0.1501167574780385
v021,147,147,27,0.1501167574780385
v021,160,160,27,0.1501167574780385
v021,265,265,27,0.1501167574780385
v021,347,347,27,0.1501167574780385
v021,376,376,27,0.1501167574780385
v021,391,391,27,0.1501167574780385
v021,405,405,27,0.1501167574780385
v021,434,434,27,0.1501167574780385
v021,437,437,27,0.1501167574780385
v021,477,477,27,0.1501167574780385
v021,627,627,27,0.1501167574780385
v021,96,96,27,0.1501167574780385
v021,1026,1026,26,0.14455687757144448
v021,1039,1039,26,0.14455687757144448
v021,107,107,26,0.14455687757144448
v021,143,143,26,0.14455687757144448
v021,157,157,26,0.14455687757144448
v021,161,161,26,0.14455687757144448
v021,164,164,26,0.14455687757144448
v021,174,174,26,0.14455687757144448
v021,229,229,26,0.14455687757144448
v021,235,235,26,0.14455687757144448
v021,278,278,26,0.14455687757144448
v021,37,37,26,0.14455687757144448
v021,377,377,26,0.14455687757144448
v021,409,409,26,0.14455687757144448
v021,438,438,26,0.14455687757144448
v021,447,447,26,0.14455687757144448
v021,548,548,26,0.14455687757144448
v021,592,592,26,0.14455687757144448
v021,593,593,26,0.14455687757144448
v021,61,61,26,0.14455687757144448
v021,104,104,25,0.13899699766485044
v021,1251,1251,25,0.13899699766485044
v021,129,129,25,0.13899699766485044
v021,139,139,25,0.13899699766485044
v021,193,193,25,0.13899699766485044
v021,220,220,25,0.13899699766485044
v021,226,226,25,0.13899699766485044
v021,251,251,25,0.13899699766485044
v021,256,256,25,0.13899699766485044
v021,313,313,25,0.13899699766485044
v021,35,35,25,0.13899699766485044
v021,360,360,25,0.13899699766485044
v021,362,362,25,0.13899699766485044
v021,371,371,25,0.13899699766485044
v021,396,396,25,0.13899699766485044
v021,425,425,25,0.13899699766485044
v021,439,439,25,0.13899699766485044
v021,446,446,25,0.13899699766485044
v021,542,542,25,0.13899699766485044
v021,602,602,25,0.13899699766485044
v021,683,683,25,0.13899699766485044
v021,76,76,25,0.13899699766485044
v021,106,106,24,0.13343711775825642
v021,121,121,24,0.13343711775825642
v021,123,123,24,0.13343711775825642
v021,1248,1248,24,0.13343711775825642
v021,133,133,24,0.13343711775825642
v021,244,244,24,0.13343711775825642
v021,283,283,24,0.13343711775825642
v021,296,296,24,0.13343711775825642
v021,348,348,24,0.13343711775825642
v021,369,369,24,0.13343711775825642
v021,381,381,24,0.13343711775825642
v021,387,387,24,0.13343711775825642
v021,404,404,24,0.13343711775825642
v021,445,445,24,0.13343711775825642
v021,451,451,24,0.13343711775825642
v021,480,480,24,0.13343711775825642
v021,570,570,24,0.13343711775825642
v021,700,700,24,0.13343711775825642
v021,735,735,24,0.13343711775825642
v021,1027,1027,23,0.1278772378516624
v021,1038,1038,23,0.1278772378516624
v021,1235,1235,23,0.1278772378516624
v021,126,126,23,0.1278772378516624
v021,14,14,23,0.1278772378516624
v021,199,199,23,0.1278772378516624
v021,21,21,23,0.1278772378516624
v021,23,23,23,0.1278772378516624
v021,253,253,23,0.1278772378516624
v021,268,268,23,0.1278772378516624
v021,295,295,23,0.1278772378516624
v021,299,299,23,0.1278772378516624
v021,30,30,23,0.1278772378516624
v021,312,312,23,0.1278772378516624
v021,327,327,23,0.1278772378516624
v021,349,349,23,0.1278772378516624
v021,353,353,23,0.1278772378516624
v021,406,406,23,0.1278772378516624
v021,441,441,23,0.1278772378516624
v021,442,442,23,0.1278772378516624
v021,465,465,23,0.1278772378516624
v021,485,485,23,0.1278772378516624
v021,53,53,23,0.1278772378516624
v021,571,571,23,0.1278772378516624
v021,599,599,23,0.1278772378516624
v021,67,67,23,0.1278772378516624
v021,699,699,23,0.1278772378516624
v021,1013,1013,22,0.12231735794506837
v021,1132,1132,22,0.12231735794506837
v021,1155,1155,22,0.12231735794506837
v021,1166,1166,22,0.12231735794506837
v021,192,192,22,0.12231735794506837
v021,195,195,22,0.12231735794506837
v021,252,252,22,0.12231735794506837
v021,257,257,22,0.12231735794506837
v021,258,258,22,0.12231735794506837
v021,273,273,22,0.12231735794506837
v021,274,274,22,0.12231735794506837
v021,306,306,22,0.12231735794506837
v021,31,31,22,0.12231735794506837
v021,324,324,22,0.12231735794506837
v021,328,328,22,0.12231735794506837
v021,336,336,22,0.12231735794506837
v021,370,370,22,0.12231735794506837
v021,42,42,22,0.12231735794506837
v021,424,424,22,0.12231735794506837
v021,468,468,22,0.12231735794506837
v021,469,469,22,0.12231735794506837
v021,572,572,22,0.12231735794506837
v021,585,585,22,0.12231735794506837
v021,587,587,22,0.12231735794506837
v021,589,589,22,0.12231735794506837
v021,73,73,22,0.12231735794506837
v021,730,730,22,0.12231735794506837
v021,1012,1012,21,0.11675747803847436
v021,1032,1032,21,0.11675747803847436
v021,116,116,21,0.11675747803847436
v021,117,117,21,0.11675747803847436
v021,124,124,21,0.11675747803847436
v021,125,125,21,0.11675747803847436
v021,1258,1258,21,0.11675747803847436
v021,128,128,21,0.11675747803847436
v021,153,153,21,0.11675747803847436
v021,154,154,21,0.11675747803847436
v021,168,168,21,0.11675747803847436
v021,178,178,21,0.11675747803847436
v021,380,380,21,0.11675747803847436
v021,389,389,21,0.11675747803847436
v021,390,390,21,0.11675747803847436
v021,398,398,21,0.11675747803847436
v021,400,400,21,0.11675747803847436
v021,430,430,21,0.11675747803847436
v021,433,433,21,0.11675747803847436
v021,443,443,21,0.11675747803847436
v021,486,486,21,0.11675747803847436
v021,49,49,21,0.11675747803847436
v021,631,631,21,0.11675747803847436
v021,74,74,21,0.11675747803847436
v021,85,85,21,0.11675747803847436
v021,1025,1025,20,0.11119759813188035
v021,1037,1037,20,0.11119759813188035
v021,105,105,20,0.11119759813188035
v021,122,122,20,0.11119759813188035
v021,1256,1256,20,0.11119759813188035
v021,1299,1299,20,0.11119759813188035
v021,135,135,20,0.11119759813188035
v021,17,17,20,0.11119759813188035
v021,182,182,20,0.11119759813188035
v021,19,19,20,0.11119759813188035
v021,197,197,20,0.11119759813188035
v021,204,204,20,0.11119759813188035
v021,213,213,20,0.11119759813188035
v021,236,236,20,0.11119759813188035
v021,237,237,20,0.11119759813188035
v021,248,248,20,0.11119759813188035
v021,27,27,20,0.11119759813188035
v021,276,276,20,0.11119759813188035
v021,285,285,20,0.11119759813188035
v021,32,32,20,0.11119759813188035
v021,337,337,20,0.11119759813188035
v021,339,339,20,0.11119759813188035
v021,368,368,20,0.11119759813188035
v021,38,38,20,0.11119759813188035
v021,419,419,20,0.11119759813188035
v021,420,420,20,0.11119759813188035
v021,429,429,20,0.11119759813188035
v021,449,449,20,0.11119759813188035
v021,452,452,20,0.11119759813188035
v021,51,51,20,0.11119759813188035
v021,528,528,20,0.11119759813188035
v021,558,558,20,0.11119759813188035
v021,594,594,20,0.11119759813188035
v021,697,697,20,0.11119759813188035
v021,83,83,20,0.11119759813188035
v021,86,86,20,0.11119759813188035
v021,87,87,20,0.11119759813188035
v021,102,102,19,0.10563771822528632
v021,1036,1036,19,0.10563771822528632
v021,1044,1044,19,0.10563771822528632
v021,1280,1280,19,0.10563771822528632
v021,1295,1295,19,0.10563771822528632
v021,13,13,19,0.10563771822528632
v021,166,166,19,0.10563771822528632
v021,2,2,19,0.10563771822528632
v021,20,20,19,0.10563771822528632
v021,205,205,19,0.10563771822528632
v021,207,207,19,0.10563771822528632
v021,210,210,19,0.10563771822528632
v021,222,222,19,0.10563771822528632
v021,246,246,19,0.10563771822528632
v021,247,247,19,0.10563771822528632
v021,26,26,19,0.10563771822528632
v021,304,304,19,0.10563771822528632
v021,305,305,19,0.10563771822528632
v021,330,330,19,0.10563771822528632
v021,341,341,19,0.10563771822528632
v021,351,351,19,0.10563771822528632
v021,361,361,19,0.10563771822528632
v021,365,365,19,0.10563771822528632
v021,372,372,19,0.10563771822528632
v021,373,373,19,0.10563771822528632
v021,383,383,19,0.10563771822528632
v021,4,4,19,0.10563771822528632
v021,408,408,19,0.10563771822528632
v021,421,421,19,0.10563771822528632
v021,432,432,19,0.10563771822528632
v021,460,460,19,0.10563771822528632
v021,483,483,19,0.10563771822528632
v021,522,522,19,0.10563771822528632
v021,541,541,19,0.10563771822528632
v021,564,564,19,0.10563771822528632
v021,598,598,19,0.10563771822528632
v021,6,6,19,0.10563771822528632
v021,616,616,19,0.10563771822528632
v021,657,657,19,0.10563771822528632
v021,716,716,19,0.10563771822528632
v021,738,738,19,0.10563771822528632
v021,8,8,19,0.10563771822528632
v021,81,81,19,0.10563771822528632
v021,942,942,19,0.10563771822528632
v021,962,962,19,0.10563771822528632
v021,1028,1028,18,0.10007783831869231
v021,103,103,18,0.10007783831869231
v021,1052,1052,18,0.10007783831869231
v021,1181,1181,18,0.10007783831869231
v021,1185,1185,18,0.10007783831869231
v021,120,120,18,0.10007783831869231
v021,1224,1224,18,0.10007783831869231
v021,1246,1246,18,0.10007783831869231
v021,130,130,18,0.10007783831869231
v021,151,151,18,0.10007783831869231
v021,187,187,18,0.10007783831869231
v021,250,250,18,0.10007783831869231
v021,262,262,18,0.10007783831869231
v021,316,316,18,0.10007783831869231
v021,343,343,18,0.10007783831869231
v021,36,36,18,0.10007783831869231
v021,367,367,18,0.10007783831869231
v021,417,417,18,0.10007783831869231
v021,448,448,18,0.10007783831869231
v021,508,508,18,0.10007783831869231
v021,524,524,18,0.10007783831869231
v021,532,532,18,0.10007783831869231
v021,545,545,18,0.10007783831869231
v021,555,555,18,0.10007783831869231
v021,62,62,18,0.10007783831869231
v021,622,622,18,0.10007783831869231
v021,63,63,18,0.10007783831869231
v021,652,652,18,0.10007783831869231
v021,705,705,18,0.10007783831869231
v021,731,731,18,0.10007783831869231
v021,734,734,18,0.10007783831869231
v021,787,787,18,0.10007783831869231
v021,94,94,18,0.10007783831869231
v021,946,946,18,0.10007783831869231
v021,95,95,18,0.10007783831869231
v021,108,108,17,0.0945179584120983
v021,1149,1149,17,0.0945179584120983
v021,1190,1190,17,0.0945179584120983
v021,127,127,17,0.0945179584120983
v021,1357,1357,17,0.0945179584120983
v021,173,173,17,0.0945179584120983
v021,176,176,17,0.0945179584120983
v021,181,181,17,0.0945179584120983
v021,206,206,17,0.0945179584120983
v021,240,240,17,0.0945179584120983
v021,242,242,17,0.0945179584120983
v021,275,275,17,0.0945179584120983
v021,28,28,17,0.0945179584120983
v021,280,280,17,0.0945179584120983
v021,290,290,17,0.0945179584120983
v021,293,293,17,0.0945179584120983
v021,297,297,17,0.0945179584120983
v021,323,323,17,0.0945179584120983
v021,33,33,17,0.0945179584120983
v021,345,345,17,0.0945179584120983
v021,346,346,17,0.0945179584120983
v021,354,354,17,0.0945179584120983
v021,355,355,17,0.0945179584120983
v021,359,359,17,0.0945179584120983
v021,401,401,17,0.0945179584120983
v021,457,457,17,0.0945179584120983
v021,461,461,17,0.0945179584120983
v021,479,479,17,0.0945179584120983
v021,544,544,17,0.0945179584120983
v021,553,553,17,0.0945179584120983
v021,597,597,17,0.0945179584120983
v021,606,606,17,0.0945179584120983
v021,693,693,17,0.0945179584120983
v021,702,702,17,0.0945179584120983
v021,710,710,17,0.0945179584120983
v021,711,711,17,0.0945179584120983
v021,782,782,17,0.0945179584120983
v021,84,84,17,0.0945179584120983
v021,88,88,17,0.0945179584120983
v021,898,898,17,0.0945179584120983
v021,9,9,17,0.0945179584120983
v021,949,949,17,0.0945179584120983
v021,965,965,17,0.0945179584120983
v021,100,100,16,0.08895807850550429
v021,111,111,16,0.08895807850550429
v021,1153,1153,16,0.08895807850550429
v021,1156,1156,16,0.08895807850550429
v021,1164,1164,16,0.08895807850550429
v021,1171,1171,16,0.08895807850550429
v021,1172,1172,16,0.08895807850550429
v021,118,118,16,0.08895807850550429
v021,1187,1187,16,0.08895807850550429
v021,1191,1191,16,0.08895807850550429
v021,1236,1236,16,0.08895807850550429
v021,1240,1240,16,0.08895807850550429
v021,1263,1263,16,0.08895807850550429
v021,1282,1282,16,0.08895807850550429
v021,1287,1287,16,0.08895807850550429
v021,1290,1290,16,0.08895807850550429
v021,1303,1303,16,0.08895807850550429
v021,149,149,16,0.08895807850550429
v021,150,150,16,0.08895807850550429
v021,152,152,16,0.08895807850550429
v021,163,163,16,0.08895807850550429
v021,171,171,16,0.08895807850550429
v021,185,185,16,0.08895807850550429
v021,188,188,16,0.08895807850550429
v021,22,22,16,0.08895807850550429
v021,221,221,16,0.08895807850550429
v021,227,227,16,0.08895807850550429
v021,233,233,16,0.08895807850550429
v021,241,241,16,0.08895807850550429
v021,263,263,16,0.08895807850550429
v021,264,264,16,0.08895807850550429
v021,279,279,16,0.08895807850550429
v021,298,298,16,0.08895807850550429
v021,307,307,16,0.08895807850550429
v021,309,309,16,0.08895807850550429
v021,325,325,16,0.08895807850550429
v021,338,338,16,0.08895807850550429
v021,340,340,16,0.08895807850550429
v021,342,342,16,0.08895807850550429
v021,357,357,16,0.08895807850550429
v021,386,386,16,0.08895807850550429
v021,410,410,16,0.08895807850550429
v021,413,413,16,0.08895807850550429
v021,453,453,16,0.08895807850550429
v021,473,473,16,0.08895807850550429
v021,5,5,16,0.08895807850550429
v021,50,50,16,0.08895807850550429
v021,559,559,16,0.08895807850550429
v021,588,588,16,0.08895807850550429
v021,601,601,16,0.08895807850550429
v021,636,636,16,0.08895807850550429
v021,670,670,16,0.08895807850550429
v021,703,703,16,0.08895807850550429
v021,713,713,16,0.08895807850550429
v021,75,75,16,0.08895807850550429
v021,815,815,16,0.08895807850550429
v021,907,907,16,0.08895807850550429
v021,941,941,16,0.08895807850550429
v021,994,994,16,0.08895807850550429
v021,1015,1015,15,0.08339819859891026
v021,1055,1055,15,0.08339819859891026
v021,115,115,15,0.08339819859891026
v021,1152,1152,15,0.08339819859891026
v021,1162,1162,15,0.08339819859891026
v021,1163,1163,15,0.08339819859891026
v021,1165,1165,15,0.08339819859891026
v021,1194,1194,15,0.08339819859891026
v021,12,12,15,0.08339819859891026
v021,1239,1239,15,0.08339819859891026
v021,1255,1255,15,0.08339819859891026
v021,1289,1289,15,0.08339819859891026
v021,1354,1354,15,0.08339819859891026
v021,1368,1368,15,0.08339819859891026
v021,1376,1376,15,0.08339819859891026
v021,1394,1394,15,0.08339819859891026
v021,1395,1395,15,0.08339819859891026
v021,148,148,15,0.08339819859891026
v021,16,16,15,0.08339819859891026
v021,167,167,15,0.08339819859891026
v021,183,183,15,0.08339819859891026
v021,189,189,15,0.08339819859891026
v021,198,198,15,0.08339819859891026
v021,203,203,15,0.08339819859891026
v021,212,212,15,0.08339819859891026
v021,239,239,15,0.08339819859891026
v021,245,245,15,0.08339819859891026
v021,25,25,15,0.08339819859891026
v021,255,255,15,0.08339819859891026
v021,269,269,15,0.08339819859891026
v021,282,282,15,0.08339819859891026
v021,289,289,15,0.08339819859891026
v021,301,301,15,0.08339819859891026
v021,321,321,15,0.08339819859891026
v021,364,364,15,0.08339819859891026
v021,382,382,15,0.08339819859891026
v021,39,39,15,0.08339819859891026
v021,403,403,15,0.08339819859891026
v021,418,418,15,0.08339819859891026
v021,423,423,15,0.08339819859891026
v021,46,46,15,0.08339819859891026
v021,467,467,15,0.08339819859891026
v021,47,47,15,0.08339819859891026
v021,475,475,15,0.08339819859891026
v021,503,503,15,0.08339819859891026
v021,523,523,15,0.08339819859891026
v021,546,546,15,0.08339819859891026
v021,552,552,15,0.08339819859891026
v021,563,563,15,0.08339819859891026
v021,565,565,15,0.08339819859891026
v021,573,573,15,0.08339819859891026
v021,596,596,15,0.08339819859891026
v021,60,60,15,0.08339819859891026
v021,609,609,15,0.08339819859891026
v021,658,658,15,0.08339819859891026
v021,7,7,15,0.08339819859891026
v021,701,701,15,0.08339819859891026
v021,706,706,15,0.08339819859891026
v021,79,79,15,0.08339819859891026
v021,794,794,15,0.08339819859891026
v021,940,940,15,0.08339819859891026
v021,969,969,15,0.08339819859891026
v021,973,973,15,0.08339819859891026
v021,993,993,15,0.08339819859891026
v021,1014,1014,14,0.07783831869231625
v021,1066,1066,14,0.07783831869231625
v021,1069,1069,14,0.07783831869231625
v021,109,109,14,0.07783831869231625
v021,1176,1176,14,0.07783831869231625
v021,1178,1178,14,0.07783831869231625
v021,1184,1184,14,0.07783831869231625
v021,1220,1220,14,0.07783831869231625
v021,1234,1234,14,0.07783831869231625
v021,1245,1245,14,0.07783831869231625
v021,1247,1247,14,0.07783831869231625
v021,1297,1297,14,0.07783831869231625
v021,1298,1298,14,0.07783831869231625
v021,132,132,14,0.07783831869231625
v021,238,238,14,0.07783831869231625
v021,249,249,14,0.07783831869231625
v021,294,294,14,0.07783831869231625
v021,303,303,14,0.07783831869231625
v021,315,315,14,0.07783831869231625
v021,393,393,14,0.07783831869231625
v021,462,462,14,0.07783831869231625
v021,464,464,14,0.07783831869231625
v021,495,495,14,0.07783831869231625
v021,499,499,14,0.07783831869231625
v021,549,549,14,0.07783831869231625
v021,557,557,14,0.07783831869231625
v021,560,560,14,0.07783831869231625
v021,561,561,14,0.07783831869231625
v021,576,576,14,0.07783831869231625
v021,600,600,14,0.07783831869231625
v021,608,608,14,0.07783831869231625
v021,620,620,14,0.07783831869231625
v021,635,635,14,0.07783831869231625
v021,668,668,14,0.07783831869231625
v021,688,688,14,0.07783831869231625
v021,691,691,14,0.07783831869231625
v021,696,696,14,0.07783831869231625
v021,732,732,14,0.07783831869231625
v021,739,739,14,0.07783831869231625
v021,740,740,14,0.07783831869231625
v021,791,791,14,0.07783831869231625
v021,82,82,14,0.07783831869231625
v021,899,899,14,0.07783831869231625
v021,90,90,14,0.07783831869231625
v021,908,908,14,0.07783831869231625
v021,954,954,14,0.07783831869231625
v021,970,970,14,0.07783831869231625
v021,985,985,14,0.07783831869231625
v021,990,990,14,0.07783831869231625
v021,1017,1017,13,0.07227843878572224
v021,1020,1020,13,0.07227843878572224
v021,1074,1074,13,0.07227843878572224
v021,1085,1085,13,0.07227843878572224
v021,1095,1095,13,0.07227843878572224
v021,11,11,13,0.07227843878572224
v021,112,112,13,0.07227843878572224
v021,114,114,13,0.07227843878572224
v021,1150,1150,13,0.07227843878572224
v021,1189,1189,13,0.07227843878572224
v021,119,119,13,0.07227843878572224
v021,1231,1231,13,0.07227843878572224
v021,1284,1284,13,0.07227843878572224
v021,1286,1286,13,0.07227843878572224
v021,1291,1291,13,0.07227843878572224
v021,1337,1337,13,0.07227843878572224
v021,1352,1352,13,0.07227843878572224
v021,1373,1373,13,0.07227843878572224
v021,15,15,13,0.07227843878572224
v021,156,156,13,0.07227843878572224
v021,190,190,13,0.07227843878572224
v021,191,191,13,0.07227843878572224
v021,224,224,13,0.07227843878572224
v021,230,230,13,0.07227843878572224
v021,231,231,13,0.07227843878572224
v021,232,232,13,0.07227843878572224
v021,234,234,13,0.07227843878572224
v021,281,281,13,0.07227843878572224
v021,287,287,13,0.07227843878572224
v021,288,288,13,0.07227843878572224
v021,291,291,13,0.07227843878572224
v021,3,3,13,0.07227843878572224
v021,308,308,13,0.07227843878572224
v021,314,314,13,0.07227843878572224
v021,358,358,13,0.07227843878572224
v021,378,378,13,0.07227843878572224
v021,407,407,13,0.07227843878572224
v021,450,450,13,0.07227843878572224
v021,459,459,13,0.07227843878572224
v021,476,476,13,0.07227843878572224
v021,502,502,13,0.07227843878572224
v021,530,530,13,0.07227843878572224
v021,531,531,13,0.07227843878572224
v021,536,536,13,0.07227843878572224
v021,537,537,13,0.07227843878572224
v021,613,613,13,0.07227843878572224
v021,623,623,13,0.07227843878572224
v021,629,629,13,0.07227843878572224
v021,666,666,13,0.07227843878572224
v021,708,708,13,0.07227843878572224
v021,709,709,13,0.07227843878572224
v021,753,753,13,0.07227843878572224
v021,764,764,13,0.07227843878572224
v021,80,80,13,0.07227843878572224
v021,800,800,13,0.07227843878572224
v021,855,855,13,0.07227843878572224
v021,896,896,13,0.07227843878572224
v021,929,929,13,0.07227843878572224
v021,937,937,13,0.07227843878572224
v021,947,947,13,0.07227843878572224
v021,959,959,13,0.07227843878572224
v021,10,10,12,0.06671855887912821
v021,1002,1002,12,0.06671855887912821
v021,1040,1040,12,0.06671855887912821
v021,1053,1053,12,0.06671855887912821
v021,1060,1060,12,0.06671855887912821
v021,1089,1089,12,0.06671855887912821
v021,110,110,12,0.06671855887912821
v021,1103,1103,12,0.06671855887912821
v021,1151,1151,12,0.06671855887912821
v021,1159,1159,12,0.06671855887912821
v021,1160,1160,12,0.06671855887912821
v021,1204,1204,12,0.06671855887912821
v021,1237,1237,12,0.06671855887912821
v021,1253,1253,12,0.06671855887912821
v021,1254,1254,12,0.06671855887912821
v021,1293,1293,12,0.06671855887912821
v021,1333,1333,12,0.06671855887912821
v021,1341,1341,12,0.06671855887912821
v021,1348,1348,12,0.06671855887912821
v021,1370,1370,12,0.06671855887912821
v021,1380,1380,12,0.06671855887912821
v021,1387,1387,12,0.06671855887912821
v021,1393,1393,12,0.06671855887912821
v021,162,162,12,0.06671855887912821
v021,215,215,12,0.06671855887912821
v021,219,219,12,0.06671855887912821
v021,243,243,12,0.06671855887912821
v021,254,254,12,0.06671855887912821
v021,270,270,12,0.06671855887912821
v021,331,331,12,0.06671855887912821
v021,332,332,12,0.06671855887912821
v021,415,415,12,0.06671855887912821
v021,43,43,12,0.06671855887912821
v021,455,455,12,0.06671855887912821
v021,484,484,12,0.06671855887912821
v021,487,487,12,0.06671855887912821
v021,526,526,12,0.06671855887912821
v021,529,529,12,0.06671855887912821
v021,534,534,12,0.06671855887912821
v021,538,538,12,0.06671855887912821
v021,567,567,12,0.06671855887912821
v021,579,579,12,0.06671855887912821
v021,604,604,12,0.06671855887912821
v021,607,607,12,0.06671855887912821
v021,643,643,12,0.06671855887912821
v021,662,662,12,0.06671855887912821
v021,663,663,12,0.06671855887912821
v021,684,684,12,0.06671855887912821
v021,719,719,12,0.06671855887912821
v021,733,733,12,0.06671855887912821
v021,761,761,12,0.06671855887912821
v021,773,773,12,0.06671855887912821
v021,786,786,12,0.06671855887912821
v021,801,801,12,0.06671855887912821
v021,814,814,12,0.06671855887912821
v021,839,839,12,0.06671855887912821
v021,906,906,12,0.06671855887912821
v021,930,930,12,0.06671855887912821
v021,931,931,12,0.06671855887912821
v021,935,935,12,0.06671855887912821
v021,938,938,12,0.06671855887912821
v021,957,957,12,0.06671855887912821
v021,960,960,12,0.06671855887912821
v021,988,988,12,0.06671855887912821
v021,1034,1034,11,0.061158678972534186
v021,1043,1043,11,0.061158678972534186
v021,1046,1046,11,0.061158678972534186
v021,1050,1050,11,0.061158678972534186
v021,1071,1071,11,0.061158678972534186
v021,1072,1072,11,0.061158678972534186
v021,1076,1076,11,0.061158678972534186
v021,1080,1080,11,0.061158678972534186
v021,1098,1098,11,0.061158678972534186
v021,1111,1111,11,0.061158678972534186
v021,1168,1168,11,0.061158678972534186
v021,1170,1170,11,0.061158678972534186
v021,1183,1183,11,0.061158678972534186
v021,1201,1201,11,0.061158678972534186
v021,1209,1209,11,0.061158678972534186
v021,1213,1213,11,0.061158678972534186
v021,1243,1243,11,0.061158678972534186
v021,1244,1244,11,0.061158678972534186
v021,1249,1249,11,0.061158678972534186
v021,1250,1250,11,0.061158678972534186
v021,1259,1259,11,0.061158678972534186
v021,1300,1300,11,0.061158678972534186
v021,1309,1309,11,0.061158678972534186
v021,1324,1324,11,0.061158678972534186
v021,1363,1363,11,0.061158678972534186
v021,1365,1365,11,0.061158678972534186
v021,18,18,11,0.061158678972534186
v021,186,186,11,0.061158678972534186
v021,196,196,11,0.061158678972534186
v021,200,200,11,0.061158678972534186
v021,218,218,11,0.061158678972534186
v021,225,225,11,0.061158678972534186
v021,261,261,11,0.061158678972534186
v021,300,300,11,0.061158678972534186
v021,302,302,11,0.061158678972534186
v021,311,311,11,0.061158678972534186
v021,320,320,11,0.061158678972534186
v021,322,322,11,0.061158678972534186
v021,379,379,11,0.061158678972534186
v021,414,414,11,0.061158678972534186
v021,422,422,11,0.061158678972534186
v021,472,472,11,0.061158678972534186
v021,474,474,11,0.061158678972534186
v021,478,478,11,0.061158678972534186
v021,482,482,11,0.061158678972534186
v021,500,500,11,0.061158678972534186
v021,514,514,11,0.061158678972534186
v021,515,515,11,0.061158678972534186
v021,527,527,11,0.061158678972534186
v021,550,550,11,0.061158678972534186
v021,582,582,11,0.061158678972534186
v021,605,605,11,0.061158678972534186
v021,626,626,11,0.061158678972534186
v021,630,630,11,0.061158678972534186
v021,632,632,11,0.061158678972534186
v021,637,637,11,0.061158678972534186
v021,638,638,11,0.061158678972534186
v021,645,645,11,0.061158678972534186
v021,648,648,11,0.061158678972534186
v021,651,651,11,0.061158678972534186
v021,653,653,11,0.061158678972534186
v021,676,676,11,0.061158678972534186
v021,681,681,11,0.061158678972534186
v021,746,746,11,0.061158678972534186
v021,758,758,11,0.061158678972534186
v021,759,759,11,0.061158678972534186
v021,780,780,11,0.061158678972534186
v021,785,785,11,0.061158678972534186
v021,820,820,11,0.061158678972534186
v021,860,860,11,0.061158678972534186
v021,867,867,11,0.061158678972534186
v021,89,89,11,0.061158678972534186
v021,902,902,11,0.061158678972534186
v021,917,917,11,0.061158678972534186
v021,920,920,11,0.061158678972534186
v021,928,928,11,0.061158678972534186
v021,951,951,11,0.061158678972534186
v021,966,966,11,0.061158678972534186
v021,968,968,11,0.061158678972534186
v021,97,97,11,0.061158678972534186
v021,979,979,11,0.061158678972534186
v021,1007,1007,10,0.055598799065940174
v021,1008,1008,10,0.055598799065940174
v021,1016,1016,10,0.055598799065940174
v021,1041,1041,10,0.055598799065940174
v021,1045,1045,10,0.055598799065940174
v021,1068,1068,10,0.055598799065940174
v021,1096,1096,10,0.055598799065940174
v021,1124,1124,10,0.055598799065940174
v021,1128,1128,10,0.055598799065940174
v021,1137,1137,10,0.055598799065940174
v021,1142,1142,10,0.055598799065940174
v021,1147,1147,10,0.055598799065940174
v021,1161,1161,10,0.055598799065940174
v021,1173,1173,10,0.055598799065940174
v021,1177,1177,10,0.055598799065940174
v021,1188,1188,10,0.055598799065940174
v021,1210,1210,10,0.055598799065940174
v021,1214,1214,10,0.055598799065940174
v021,1219,1219,10,0.055598799065940174
v021,1221,1221,10,0.055598799065940174
v021,1242,1242,10,0.055598799065940174
v021,1257,1257,10,0.055598799065940174
v021,1260,1260,10,0.055598799065940174
v021,1264,1264,10,0.055598799065940174
v021,1271,1271,10,0.055598799065940174
v021,1328,1328,10,0.055598799065940174
v021,1360,1360,10,0.055598799065940174
v021,1366,1366,10,0.055598799065940174
v021,1379,1379,10,0.055598799065940174
v021,1381,1381,10,0.055598799065940174
v021,1385,1385,10,0.055598799065940174
v021,1396,1396,10,0.055598799065940174
v021,216,216,10,0.055598799065940174
v021,284,284,10,0.055598799065940174
v021,319,319,10,0.055598799065940174
v021,41,41,10,0.055598799065940174
v021,44,44,10,0.055598799065940174
v021,463,463,10,0.055598799065940174
v021,481,481,10,0.055598799065940174
v021,488,488,10,0.055598799065940174
v021,494,494,10,0.055598799065940174
v021,496,496,10,0.055598799065940174
v021,509,509,10,0.055598799065940174
v021,525,525,10,0.055598799065940174
v021,562,562,10,0.055598799065940174
v021,566,566,10,0.055598799065940174
v021,568,568,10,0.055598799065940174
v021,577,577,10,0.055598799065940174
v021,581,581,10,0.055598799065940174
v021,586,586,10,0.055598799065940174
v021,595,595,10,0.055598799065940174
v021,610,610,10,0.055598799065940174
v021,611,611,10,0.055598799065940174
v021,628,628,10,0.055598799065940174
v021,634,634,10,0.055598799065940174
v021,641,641,10,0.055598799065940174
v021,644,644,10,0.055598799065940174
v021,673,673,10,0.055598799065940174
v021,690,690,10,0.055598799065940174
v021,694,694,10,0.055598799065940174
v021,695,695,10,0.055598799065940174
v021,714,714,10,0.055598799065940174
v021,727,727,10,0.055598799065940174
v021,729,729,10,0.055598799065940174
v021,737,737,10,0.055598799065940174
v021,741,741,10,0.055598799065940174
v021,744,744,10,0.055598799065940174
v021,768,768,10,0.055598799065940174
v021,771,771,10,0.055598799065940174
v021,776,776,10,0.055598799065940174
v021,784,784,10,0.055598799065940174
v021,793,793,10,0.055598799065940174
v021,836,836,10,0.055598799065940174
v021,857,857,10,0.055598799065940174
v021,872,872,10,0.055598799065940174
v021,876,876,10,0.055598799065940174
v021,885,885,10,0.055598799065940174
v021,911,911,10,0.055598799065940174
v021,914,914,10,0.055598799065940174
v021,915,915,10,0.055598799065940174
v021,923,923,10,0.055598799065940174
v021,927,927,10,0.055598799065940174
v021,945,945,10,0.055598799065940174
v021,980,980,10,0.055598799065940174
v021,983,983,10,0.055598799065940174
v021,987,987,10,0.055598799065940174
v021,99,99,10,0.055598799065940174
v021,995,995,10,0.055598799065940174
v021,996,996,10,0.055598799065940174
v021,1,1,9,0.050038919159346155
v021,1019,1019,9,0.050038919159346155
v021,1023,1023,9,0.050038919159346155
v021,1033,1033,9,0.050038919159346155
v021,1051,1051,9,0.050038919159346155
v021,1056,1056,9,0.050038919159346155
v021,1067,1067,9,0.050038919159346155
v021,1070,1070,9,0.050038919159346155
v021,1082,1082,9,0.050038919159346155
v021,1101,1101,9,0.050038919159346155
v021,1102,1102,9,0.050038919159346155
v021,1115,1115,9,0.050038919159346155
v021,1118,1118,9,0.050038919159346155
v021,1121,1121,9,0.050038919159346155
v021,1129,1129,9,0.050038919159346155
v021,113,113,9,0.050038919159346155
v021,1135,1135,9,0.050038919159346155
v021,1174,1174,9,0.050038919159346155
v021,1179,1179,9,0.050038919159346155
v021,1192,1192,9,0.050038919159346155
v021,1193,1193,9,0.050038919159346155
v021,1196,1196,9,0.050038919159346155
v021,1199,1199,9,0.050038919159346155
v021,1207,1207,9,0.050038919159346155
v021,1225,1225,9,0.050038919159346155
v021,1238,1238,9,0.050038919159346155
v021,1241,1241,9,0.050038919159346155
v021,1261,1261,9,0.050038919159346155
v021,1262,1262,9,0.050038919159346155
v021,1270,1270,9,0.050038919159346155
v021,1294,1294,9,0.050038919159346155
v021,1312,1312,9,0.050038919159346155
v021,1319,1319,9,0.050038919159346155
v021,1321,1321,9,0.050038919159346155
v021,1331,1331,9,0.050038919159346155
v021,1342,1342,9,0.050038919159346155
v021,1359,1359,9,0.050038919159346155
v021,1367,1367,9,0.050038919159346155
v021,1398,1398,9,0.050038919159346155
v021,1399,1399,9,0.050038919159346155
v021,184,184,9,0.050038919159346155
v021,217,217,9,0.050038919159346155
v021,228,228,9,0.050038919159346155
v021,259,259,9,0.050038919159346155
v021,260,260,9,0.050038919159346155
v021,286,286,9,0.050038919159346155
v021,333,333,9,0.050038919159346155
v021,40,40,9,0.050038919159346155
v021,458,458,9,0.050038919159346155
v021,470,470,9,0.050038919159346155
v021,517,517,9,0.050038919159346155
v021,518,518,9,0.050038919159346155
v021,519,519,9,0.050038919159346155
v021,55,55,9,0.050038919159346155
v021,554,554,9,0.050038919159346155
v021,575,575,9,0.050038919159346155
v021,619,619,9,0.050038919159346155
v021,649,649,9,0.050038919159346155
v021,667,667,9,0.050038919159346155
v021,671,671,9,0.050038919159346155
v021,686,686,9,0.050038919159346155
v021,689,689,9,0.050038919159346155
v021,720,720,9,0.050038919159346155
v021,723,723,9,0.050038919159346155
v021,725,725,9,0.050038919159346155
v021,747,747,9,0.050038919159346155
v021,751,751,9,0.050038919159346155
v021,760,760,9,0.050038919159346155
v021,774,774,9,0.050038919159346155
v021,775,775,9,0.050038919159346155
v021,777,777,9,0.050038919159346155
v021,783,783,9,0.050038919159346155
v021,823,823,9,0.050038919159346155
v021,835,835,9,0.050038919159346155
v021,868,868,9,0.050038919159346155
v021,879,879,9,0.050038919159346155
v021,895,895,9,0.050038919159346155
v021,919,919,9,0.050038919159346155
v021,924,924,9,0.050038919159346155
v021,93,93,9,0.050038919159346155
v021,936,936,9,0.050038919159346155
v021,943,943,9,0.050038919159346155
v021,948,948,9,0.050038919159346155
v021,961,961,9,0.050038919159346155
v021,978,978,9,0.050038919159346155
v021,998,998,9,0.050038919159346155
v021,1001,1001,8,0.044479039252752144
v021,1005,1005,8,0.044479039252752144
v021,1011,1011,8,0.044479039252752144
v021,1035,1035,8,0.044479039252752144
v021,1063,1063,8,0.044479039252752144
v021,1078,1078,8,0.044479039252752144
v021,1079,1079,8,0.044479039252752144
v021,1091,1091,8,0.044479039252752144
v021,1099,1099,8,0.044479039252752144
v021,1109,1109,8,0.044479039252752144
v021,1112,1112,8,0.044479039252752144
v021,1127,1127,8,0.044479039252752144
v021,1130,1130,8,0.044479039252752144
v021,1140,1140,8,0.044479039252752144
v021,1148,1148,8,0.044479039252752144
v021,1157,1157,8,0.044479039252752144
v021,1175,1175,8,0.044479039252752144
v021,1205,1205,8,0.044479039252752144
v021,1206,1206,8,0.044479039252752144
v021,1208,1208,8,0.044479039252752144
v021,1211,1211,8,0.044479039252752144
v021,1217,1217,8,0.044479039252752144
v021,1223,1223,8,0.044479039252752144
v021,1226,1226,8,0.044479039252752144
v021,1229,1229,8,0.044479039252752144
v021,1233,1233,8,0.044479039252752144
v021,1265,1265,8,0.044479039252752144
v021,1267,1267,8,0.044479039252752144
v021,1276,1276,8,0.044479039252752144
v021,1281,1281,8,0.044479039252752144
v021,1318,1318,8,0.044479039252752144
v021,1320,1320,8,0.044479039252752144
v021,1361,1361,8,0.044479039252752144
v021,1371,1371,8,0.044479039252752144
v021,1377,1377,8,0.044479039252752144
v021,1389,1389,8,0.044479039252752144
v021,1392,1392,8,0.044479039252752144
v021,1397,1397,8,0.044479039252752144
v021,194,194,8,0.044479039252752144
v021,209,209,8,0.044479039252752144
v021,223,223,8,0.044479039252752144
v021,412,412,8,0.044479039252752144
v021,516,516,8,0.044479039252752144
v021,533,533,8,0.044479039252752144
v021,578,578,8,0.044479039252752144
v021,590,590,8,0.044479039252752144
v021,591,591,8,0.044479039252752144
v021,615,615,8,0.044479039252752144
v021,639,639,8,0.044479039252752144
v021,642,642,8,0.044479039252752144
v021,661,661,8,0.044479039252752144
v021,674,674,8,0.044479039252752144
v021,677,677,8,0.044479039252752144
v021,679,679,8,0.044479039252752144
v021,682,682,8,0.044479039252752144
v021,692,692,8,0.044479039252752144
v021,704,704,8,0.044479039252752144
v021,722,722,8,0.044479039252752144
v021,724,724,8,0.044479039252752144
v021,748,748,8,0.044479039252752144
v021,781,781,8,0.044479039252752144
v021,797,797,8,0.044479039252752144
v021,805,805,8,0.044479039252752144
v021,819,819,8,0.044479039252752144
v021,825,825,8,0.044479039252752144
v021,832,832,8,0.044479039252752144
v021,842,842,8,0.044479039252752144
v021,848,848,8,0.044479039252752144
v021,864,864,8,0.044479039252752144
v021,865,865,8,0.044479039252752144
v021,869,869,8,0.044479039252752144
v021,884,884,8,0.044479039252752144
v021,888,888,8,0.044479039252752144
v021,890,890,8,0.044479039252752144
v021,904,904,8,0.044479039252752144
v021,956,956,8,0.044479039252752144
v021,963,963,8,0.044479039252752144
v021,986,986,8,0.044479039252752144
v021,1006,1006,7,0.038919159346158125
v021,1009,1009,7,0.038919159346158125
v021,1018,1018,7,0.038919159346158125
v021,1042,1042,7,0.038919159346158125
v021,1048,1048,7,0.038919159346158125
v021,1061,1061,7,0.038919159346158125
v021,1064,1064,7,0.038919159346158125
v021,1075,1075,7,0.038919159346158125
v021,1087,1087,7,0.038919159346158125
v021,1090,1090,7,0.038919159346158125
v021,1092,1092,7,0.038919159346158125
v021,1146,1146,7,0.038919159346158125
v021,1182,1182,7,0.038919159346158125
v021,1230,1230,7,0.038919159346158125
v021,1232,1232,7,0.038919159346158125
v021,1269,1269,7,0.038919159346158125
v021,1277,1277,7,0.038919159346158125
v021,1285,1285,7,0.038919159346158125
v021,1292,1292,7,0.038919159346158125
v021,1313,1313,7,0.038919159346158125
v021,1315,1315,7,0.038919159346158125
v021,1323,1323,7,0.038919159346158125
v021,1325,1325,7,0.038919159346158125
v021,1338,1338,7,0.038919159346158125
v021,1344,1344,7,0.038919159346158125
v021,1346,1346,7,0.038919159346158125
v021,1356,1356,7,0.038919159346158125
v021,1369,1369,7,0.038919159346158125
v021,1375,1375,7,0.038919159346158125
v021,24,24,7,0.038919159346158125
v021,385,385,7,0.038919159346158125
v021,402,402,7,0.038919159346158125
v021,454,454,7,0.038919159346158125
v021,456,456,7,0.038919159346158125
v021,489,489,7,0.038919159346158125
v021,511,511,7,0.038919159346158125
v021,547,547,7,0.038919159346158125
v021,580,580,7,0.038919159346158125
v021,633,633,7,0.038919159346158125
v021,659,659,7,0.038919159346158125
v021,660,660,7,0.038919159346158125
v021,669,669,7,0.038919159346158125
v021,675,675,7,0.038919159346158125
v021,678,678,7,0.038919159346158125
v021,698,698,7,0.038919159346158125
v021,718,718,7,0.038919159346158125
v021,752,752,7,0.038919159346158125
v021,754,754,7,0.038919159346158125
v021,762,762,7,0.038919159346158125
v021,77,77,7,0.038919159346158125
v021,772,772,7,0.038919159346158125
v021,78,78,7,0.038919159346158125
v021,792,792,7,0.038919159346158125
v021,803,803,7,0.038919159346158125
v021,806,806,7,0.038919159346158125
v021,811,811,7,0.038919159346158125
v021,822,822,7,0.038919159346158125
v021,824,824,7,0.038919159346158125
v021,827,827,7,0.038919159346158125
v021,837,837,7,0.038919159346158125
v021,850,850,7,0.038919159346158125
v021,854,854,7,0.038919159346158125
v021,856,856,7,0.038919159346158125
v021,858,858,7,0.038919159346158125
v021,859,859,7,0.038919159346158125
v021,861,861,7,0.038919159346158125
v021,866,866,7,0.038919159346158125
v021,870,870,7,0.038919159346158125
v021,887,887,7,0.038919159346158125
v021,916,916,7,0.038919159346158125
v021,974,974,7,0.038919159346158125
v021,981,981,7,0.038919159346158125
v021,982,982,7,0.038919159346158125
v021,989,989,7,0.038919159346158125
v021,1059,1059,6,0.033359279439564106
v021,1062,1062,6,0.033359279439564106
v021,1081,1081,6,0.033359279439564106
v021,1083,1083,6,0.033359279439564106
v021,1086,1086,6,0.033359279439564106
v021,1100,1100,6,0.033359279439564106
v021,1117,1117,6,0.033359279439564106
v021,1123,1123,6,0.033359279439564106
v021,1126,1126,6,0.033359279439564106
v021,1144,1144,6,0.033359279439564106
v021,1198,1198,6,0.033359279439564106
v021,1203,1203,6,0.033359279439564106
v021,1212,1212,6,0.033359279439564106
v021,1222,1222,6,0.033359279439564106
v021,1228,1228,6,0.033359279439564106
v021,1268,1268,6,0.033359279439564106
v021,1273,1273,6,0.033359279439564106
v021,1278,1278,6,0.033359279439564106
v021,1288,1288,6,0.033359279439564106
v021,1322,1322,6,0.033359279439564106
v021,1358,1358,6,0.033359279439564106
v021,1374,1374,6,0.033359279439564106
v021,1384,1384,6,0.033359279439564106
v021,1390,1390,6,0.033359279439564106
v021,1391,1391,6,0.033359279439564106
v021,326,326,6,0.033359279439564106
v021,384,384,6,0.033359279439564106
v021,411,411,6,0.033359279439564106
v021,416,416,6,0.033359279439564106
v021,490,490,6,0.033359279439564106
v021,491,491,6,0.033359279439564106
v021,501,501,6,0.033359279439564106
v021,505,505,6,0.033359279439564106
v021,512,512,6,0.033359279439564106
v021,513,513,6,0.033359279439564106
v021,520,520,6,0.033359279439564106
v021,521,521,6,0.033359279439564106
v021,535,535,6,0.033359279439564106
v021,614,614,6,0.033359279439564106
v021,646,646,6,0.033359279439564106
v021,664,664,6,0.033359279439564106
v021,665,665,6,0.033359279439564106
v021,672,672,6,0.033359279439564106
v021,680,680,6,0.033359279439564106
v021,766,766,6,0.033359279439564106
v021,769,769,6,0.033359279439564106
v021,770,770,6,0.033359279439564106
v021,779,779,6,0.033359279439564106
v021,833,833,6,0.033359279439564106
v021,843,843,6,0.033359279439564106
v021,845,845,6,0.033359279439564106
v021,847,847,6,0.033359279439564106
v021,853,853,6,0.033359279439564106
v021,875,875,6,0.033359279439564106
v021,892,892,6,0.033359279439564106
v021,900,900,6,0.033359279439564106
v021,909,909,6,0.033359279439564106
v021,91,91,6,0.033359279439564106
v021,910,910,6,0.033359279439564106
v021,912,912,6,0.033359279439564106
v021,922,922,6,0.033359279439564106
v021,939,939,6,0.033359279439564106
v021,944,944,6,0.033359279439564106
v021,950,950,6,0.033359279439564106
v021,953,953,6,0.033359279439564106
v021,955,955,6,0.033359279439564106
v021,967,967,6,0.033359279439564106
v021,971,971,6,0.033359279439564106
v021,972,972,6,0.033359279439564106
v021,991,991,6,0.033359279439564106
v021,992,992,6,0.033359279439564106
v021,997,997,6,0.033359279439564106
v021,999,999,6,0.033359279439564106
v021,1000,1000,5,0.027799399532970087
v021,1054,1054,5,0.027799399532970087
v021,1065,1065,5,0.027799399532970087
v021,1077,1077,5,0.027799399532970087
v021,1084,1084,5,0.027799399532970087
v021,1088,1088,5,0.027799399532970087
v021,1105,1105,5,0.027799399532970087
v021,1106,1106,5,0.027799399532970087
v021,1107,1107,5,0.027799399532970087
v021,1108,1108,5,0.027799399532970087
v021,1113,1113,5,0.027799399532970087
v021,1114,1114,5,0.027799399532970087
v021,1116,1116,5,0.027799399532970087
v021,1122,1122,5,0.027799399532970087
v021,1136,1136,5,0.027799399532970087
v021,1139,1139,5,0.027799399532970087
v021,1145,1145,5,0.027799399532970087
v021,1167,1167,5,0.027799399532970087
v021,1197,1197,5,0.027799399532970087
v021,1216,1216,5,0.027799399532970087
v021,1227,1227,5,0.027799399532970087
v021,1272,1272,5,0.027799399532970087
v021,1306,1306,5,0.027799399532970087
v021,1307,1307,5,0.027799399532970087
v021,1317,1317,5,0.027799399532970087
v021,1330,1330,5,0.027799399532970087
v021,1334,1334,5,0.027799399532970087
v021,1336,1336,5,0.027799399532970087
v021,1343,1343,5,0.027799399532970087
v021,1347,1347,5,0.027799399532970087
v021,1355,1355,5,0.027799399532970087
v021,1364,1364,5,0.027799399532970087
v021,1382,1382,5,0.027799399532970087
v021,1388,1388,5,0.027799399532970087
v021,292,292,5,0.027799399532970087
v021,334,334,5,0.027799399532970087
v021,504,504,5,0.027799399532970087
v021,510,510,5,0.027799399532970087
v021,539,539,5,0.027799399532970087
v021,57,57,5,0.027799399532970087
v021,583,583,5,0.027799399532970087
v021,625,625,5,0.027799399532970087
v021,655,655,5,0.027799399532970087
v021,685,685,5,0.027799399532970087
v021,687,687,5,0.027799399532970087
v021,707,707,5,0.027799399532970087
v021,721,721,5,0.027799399532970087
v021,726,726,5,0.027799399532970087
v021,728,728,5,0.027799399532970087
v021,736,736,5,0.027799399532970087
v021,745,745,5,0.027799399532970087
v021,750,750,5,0.027799399532970087
v021,763,763,5,0.027799399532970087
v021,788,788,5,0.027799399532970087
v021,790,790,5,0.027799399532970087
v021,795,795,5,0.027799399532970087
v021,796,796,5,0.027799399532970087
v021,798,798,5,0.027799399532970087
v021,799,799,5,0.027799399532970087
v021,804,804,5,0.027799399532970087
v021,809,809,5,0.027799399532970087
v021,813,813,5,0.027799399532970087
v021,816,816,5,0.027799399532970087
v021,826,826,5,0.027799399532970087
v021,831,831,5,0.027799399532970087
v021,851,851,5,0.027799399532970087
v021,862,862,5,0.027799399532970087
v021,874,874,5,0.027799399532970087
v021,878,878,5,0.027799399532970087
v021,881,881,5,0.027799399532970087
v021,882,882,5,0.027799399532970087
v021,883,883,5,0.027799399532970087
v021,886,886,5,0.027799399532970087
v021,925,925,5,0.027799399532970087
v021,926,926,5,0.027799399532970087
v021,958,958,5,0.027799399532970087
v021,964,964,5,0.027799399532970087
v021,975,975,5,0.027799399532970087
v021,977,977,5,0.027799399532970087
v021,101,101,4,0.022239519626376072
v021,1010,1010,4,0.022239519626376072
v021,1022,1022,4,0.022239519626376072
v021,1057,1057,4,0.022239519626376072
v021,1058,1058,4,0.022239519626376072
v021,1094,1094,4,0.022239519626376072
v021,1097,1097,4,0.022239519626376072
v021,1119,1119,4,0.022239519626376072
v021,1131,1131,4,0.022239519626376072
v021,1141,1141,4,0.022239519626376072
v021,1200,1200,4,0.022239519626376072
v021,1202,1202,4,0.022239519626376072
v021,1252,1252,4,0.022239519626376072
v021,1275,1275,4,0.022239519626376072
v021,1279,1279,4,0.022239519626376072
v021,1301,1301,4,0.022239519626376072
v021,1302,1302,4,0.022239519626376072
v021,1311,1311,4,0.022239519626376072
v021,1316,1316,4,0.022239519626376072
v021,1326,1326,4,0.022239519626376072
v021,1327,1327,4,0.022239519626376072
v021,1335,1335,4,0.022239519626376072
v021,1339,1339,4,0.022239519626376072
v021,1351,1351,4,0.022239519626376072
v021,1378,1378,4,0.022239519626376072
v021,1383,1383,4,0.022239519626376072
v021,1386,1386,4,0.022239519626376072
v021,1400,1400,4,0.022239519626376072
v021,492,492,4,0.022239519626376072
v021,497,497,4,0.022239519626376072
v021,543,543,4,0.022239519626376072
v021,569,569,4,0.022239519626376072
v021,574,574,4,0.022239519626376072
v021,640,640,4,0.022239519626376072
v021,712,712,4,0.022239519626376072
v021,755,755,4,0.022239519626376072
v021,789,789,4,0.022239519626376072
v021,807,807,4,0.022239519626376072
v021,810,810,4,0.022239519626376072
v021,829,829,4,0.022239519626376072
v021,841,841,4,0.022239519626376072
v021,846,846,4,0.022239519626376072
v021,897,897,4,0.022239519626376072
v021,913,913,4,0.022239519626376072
v021,918,918,4,0.022239519626376072
v021,984,984,4,0.022239519626376072
v021,1003,1003,3,0.016679639719782053
v021,1004,1004,3,0.016679639719782053
v021,1047,1047,3,0.016679639719782053
v021,1093,1093,3,0.016679639719782053
v021,1134,1134,3,0.016679639719782053
v021,1138,1138,3,0.016679639719782053
v021,1143,1143,3,0.016679639719782053
v021,1180,1180,3,0.016679639719782053
v021,1186,1186,3,0.016679639719782053
v021,1215,1215,3,0.016679639719782053
v021,1218,1218,3,0.016679639719782053
v021,1266,1266,3,0.016679639719782053
v021,1283,1283,3,0.016679639719782053
v021,1304,1304,3,0.016679639719782053
v021,1310,1310,3,0.016679639719782053
v021,1314,1314,3,0.016679639719782053
v021,1329,1329,3,0.016679639719782053
v021,1345,1345,3,0.016679639719782053
v021,498,498,3,0.016679639719782053
v021,506,506,3,0.016679639719782053
v021,584,584,3,0.016679639719782053
v021,647,647,3,0.016679639719782053
v021,650,650,3,0.016679639719782053
v021,717,717,3,0.016679639719782053
v021,742,742,3,0.016679639719782053
v021,749,749,3,0.016679639719782053
v021,808,808,3,0.016679639719782053
v021,817,817,3,0.016679639719782053
v021,818,818,3,0.016679639719782053
v021,821,821,3,0.016679639719782053
v021,828,828,3,0.016679639719782053
v021,844,844,3,0.016679639719782053
v021,849,849,3,0.016679639719782053
v021,863,863,3,0.016679639719782053
v021,873,873,3,0.016679639719782053
v021,889,889,3,0.016679639719782053
v021,894,894,3,0.016679639719782053
v021,905,905,3,0.016679639719782053
v021,934,934,3,0.016679639719782053
v021,952,952,3,0.016679639719782053
v021,976,976,3,0.016679639719782053
v021,1021,1021,2,0.011119759813188036
v021,1110,1110,2,0.011119759813188036
v021,1120,1120,2,0.011119759813188036
v021,1125,1125,2,0.011119759813188036
v021,1154,1154,2,0.011119759813188036
v021,1195,1195,2,0.011119759813188036
v021,1296,1296,2,0.011119759813188036
v021,1349,1349,2,0.011119759813188036
v021,1353,1353,2,0.011119759813188036
v021,1372,1372,2,0.011119759813188036
v021,493,493,2,0.011119759813188036
v021,617,617,2,0.011119759813188036
v021,618,618,2,0.011119759813188036
v021,743,743,2,0.011119759813188036
v021,757,757,2,0.011119759813188036
v021,767,767,2,0.011119759813188036
v021,778,778,2,0.011119759813188036
v021,812,812,2,0.011119759813188036
v021,830,830,2,0.011119759813188036
v021,840,840,2,0.011119759813188036
v021,871,871,2,0.011119759813188036
v021,877,877,2,0.011119759813188036
v021,901,901,2,0.011119759813188036
v021,903,903,2,0.011119759813188036
v021,932,932,2,0.011119759813188036
v021,933,933,2,0.011119759813188036
v021,1049,1049,1,0.005559879906594018
v021,1104,1104,1,0.005559879906594018
v021,1274,1274,1,0.005559879906594018
v021,1305,1305,1,0.005559879906594018
v021,1308,1308,1,0.005559879906594018
v021,1362,1362,1,0.005559879906594018
v021,756,756,1,0.005559879906594018
v021,765,765,1,0.005559879906594018
v021,802,802,1,0.005559879906594018
v021,834,834,1,0.005559879906594018
v021,838,838,1,0.005559879906594018
v021,852,852,1,0.005559879906594018
v021,893,893,1,0.005559879906594018
v022,8,[8] jigawa rural,746,4.147670410319137
v022,24,[24] kebbi rural,698,3.880796174802624
v022,2,[2] sokoto rural,598,3.324808184143223
v022,20,[20] kano rural,598,3.324808184143223
v022,18,[18] bauchi rural,593,3.2970087846102523
v022,10,[10] yobe rural,569,3.1635716668519964
v022,22,[22] kaduna rural,545,3.0301345490937397
v022,14,[14] adamawa rural,512,2.846658512176137
v022,16,[16] gombe rural,505,2.8077393528299788
v022,6,[6] katsina rural,464,2.579784276659624
v022,11,[11] borno urban,456,2.535305237406872
v022,32,[32] plateau rural,424,2.3573890803958637
v022,56,[56] ebonyi rural,418,2.3240298009562994
v022,4,[4] zamfara rural,404,2.246191482263983
v022,26,[26] niger rural,381,2.1183142444123204
v022,19,[19] kano urban,368,2.0460358056265986
v022,73,[73] ogun urban,324,1.8014010897364616
v022,38,[38] kogi rural,321,1.7847214500166797
v022,34,[34] taraba rural,318,1.7680418102968978
v022,30,[30] nasarawa rural,312,1.7346825308573333
v022,21,[21] kaduna urban,304,1.6902034916045812
v022,71,[71] lagos urban,297,1.6512843322584232
v022,69,[69] delta urban,294,1.6346046925386413
v022,64,[64] imo rural,288,1.601245413099077
v022,65,[65] rivers urban,283,1.573446013566107
v022,41,[41] oyo urban,282,1.567886133659513
v022,36,[36] benue rural,267,1.4844879350606026
v022,67,[67] bayelsa urban,265,1.4733681752474146
v022,51,[51] anambra urban,243,1.3510508173023463
v022,49,[49] edo urban,237,1.317691537862782
v022,29,[29] nasarawa urban,236,1.3121316579561881
v022,40,[40] kwara rural,236,1.3121316579561881
v022,25,[25] niger urban,222,1.234293339263872
v022,53,[53] enugu urban,221,1.2287334593572778
v022,9,[9] yobe urban,221,1.2287334593572778
v022,43,[43] osun urban,218,1.2120538196374957
v022,5,[5] katsina urban,179,0.9952185032803292
v022,27,[27] fct urban,178,0.9896586233737351
v022,57,[57] cross river urban,170,0.945179584120983
v022,52,[52] anambra rural,167,0.928499944401201
v022,63,[63] imo urban,165,0.9173801845880128
v022,59,[59] akwa ibom urban,155,0.8617813855220727
v022,33,[33] taraba urban,154,0.8562215056154787
v022,47,[47] ondo urban,151,0.8395418658956967
v022,45,[45] ekiti urban,150,0.8339819859891027
v022,55,[55] ebonyi urban,147,0.8173023462693206
v022,28,[28] fct rural,143,0.7950628266429446
v022,62,[62] abia rural,142,0.7895029467363505
v022,68,[68] bayelsa rural,133,0.7394640275770044
v022,31,[31] plateau urban,132,0.7339041476704103
v022,61,[61] abia urban,132,0.7339041476704103
v022,58,[58] cross river rural,130,0.7227843878572223
v022,37,[37] kogi urban,129,0.7172245079506282
v022,39,[39] kwara urban,129,0.7172245079506282
v022,12,[12] borno rural,127,0.7061047481374402
v022,60,[60] akwa ibom rural,125,0.6949849883242522
v022,23,[23] kebbi urban,121,0.6727454686978761
v022,15,[15] gombe urban,113,0.628266429445124
v022,35,[35] benue urban,105,0.5837873901923718
v022,13,[13] adamawa urban,104,0.5782275102857779
v022,3,[3] zamfara urban,98,0.5448682308462137
v022,48,[48] ondo rural,93,0.5170688313132437
v022,17,[17] bauchi urban,85,0.4725897920604915
v022,70,[70] delta rural,85,0.4725897920604915
v022,54,[54] enugu rural,83,0.4614700322473035
v022,1,[1] sokoto urban,76,0.4225508729011453
v022,42,[42] oyo rural,75,0.41699099299455133
v022,7,[7] jigawa urban,71,0.39475147336817523
v022,74,[74] ogun rural,70,0.3891915934615812
v022,66,[66] rivers rural,68,0.3780718336483932
v022,46,[46] ekiti rural,47,0.26131435560991884
v022,50,[50] edo rural,43,0.23907483598354273
v022,44,[44] osun rural,26,0.14455687757144448
v022,72,[72] lagos rural,17,0.0945179584120983
v023,8,[8] jigawa rural,746,4.147670410319137
v023,24,[24] kebbi rural,698,3.880796174802624
v023,2,[2] sokoto rural,598,3.324808184143223
v023,20,[20] kano rural,598,3.324808184143223
v023,18,[18] bauchi rural,593,3.2970087846102523
v023,10,[10] yobe rural,569,3.1635716668519964
v023,22,[22] kaduna rural,545,3.0301345490937397
v023,14,[14] adamawa rural,512,2.846658512176137
v023,16,[16] gombe rural,505,2.8077393528299788
v023,6,[6] katsina rural,464,2.579784276659624
v023,11,[11] borno urban,456,2.535305237406872
v023,32,[32] plateau rural,424,2.3573890803958637
v023,56,[56] ebonyi rural,418,2.3240298009562994
v023,4,[4] zamfara rural,404,2.246191482263983
v023,26,[26] niger rural,381,2.1183142444123204
v023,19,[19] kano urban,368,2.0460358056265986
v023,73,[73] ogun urban,324,1.8014010897364616
v023,38,[38] kogi rural,321,1.7847214500166797
v023,34,[34] taraba rural,318,1.7680418102968978
v023,30,[30] nasarawa rural,312,1.7346825308573333
v023,21,[21] kaduna urban,304,1.6902034916045812
v023,71,[71] lagos urban,297,1.6512843322584232
v023,69,[69] delta urban,294,1.6346046925386413
v023,64,[64] imo rural,288,1.601245413099077
v023,65,[65] rivers urban,283,1.573446013566107
v023,41,[41] oyo urban,282,1.567886133659513
v023,36,[36] benue rural,267,1.4844879350606026
v023,67,[67] bayelsa urban,265,1.4733681752474146
v023,51,[51] anambra urban,243,1.3510508173023463
v023,49,[49] edo urban,237,1.317691537862782
v023,29,[29] nasarawa urban,236,1.3121316579561881
v023,40,[40] kwara rural,236,1.3121316579561881
v023,25,[25] niger urban,222,1.234293339263872
v023,53,[53] enugu urban,221,1.2287334593572778
v023,9,[9] yobe urban,221,1.2287334593572778
v023,43,[43] osun urban,218,1.2120538196374957
v023,5,[5] katsina urban,179,0.9952185032803292
v023,27,[27] fct urban,178,0.9896586233737351
v023,57,[57] cross river urban,170,0.945179584120983
v023,52,[52] anambra rural,167,0.928499944401201
v023,63,[63] imo urban,165,0.9173801845880128
v023,59,[59] akwa ibom urban,155,0.8617813855220727
v023,33,[33] taraba urban,154,0.8562215056154787
v023,47,[47] ondo urban,151,0.8395418658956967
v023,45,[45] ekiti urban,150,0.8339819859891027
v023,55,[55] ebonyi urban,147,0.8173023462693206
v023,28,[28] fct rural,143,0.7950628266429446
v023,62,[62] abia rural,142,0.7895029467363505
v023,68,[68] bayelsa rural,133,0.7394640275770044
v023,31,[31] plateau urban,132,0.7339041476704103
v023,61,[61] abia urban,132,0.7339041476704103
v023,58,[58] cross river rural,130,0.7227843878572223
v023,37,[37] kogi urban,129,0.7172245079506282
v023,39,[39] kwara urban,129,0.7172245079506282
v023,12,[12] borno rural,127,0.7061047481374402
v023,60,[60] akwa ibom rural,125,0.6949849883242522
v023,23,[23] kebbi urban,121,0.6727454686978761
v023,15,[15] gombe urban,113,0.628266429445124
v023,35,[35] benue urban,105,0.5837873901923718
v023,13,[13] adamawa urban,104,0.5782275102857779
v023,3,[3] zamfara urban,98,0.5448682308462137
v023,48,[48] ondo rural,93,0.5170688313132437
v023,17,[17] bauchi urban,85,0.4725897920604915
v023,70,[70] delta rural,85,0.4725897920604915
v023,54,[54] enugu rural,83,0.4614700322473035
v023,1,[1] sokoto urban,76,0.4225508729011453
v023,42,[42] oyo rural,75,0.41699099299455133
v023,7,[7] jigawa urban,71,0.39475147336817523
v023,74,[74] ogun rural,70,0.3891915934615812
v023,66,[66] rivers rural,68,0.3780718336483932
v023,46,[46] ekiti rural,47,0.26131435560991884
v023,50,[50] edo rural,43,0.23907483598354273
v023,44,[44] osun rural,26,0.14455687757144448
v023,72,[72] lagos rural,17,0.0945179584120983
v024,1,[1] north west,5270,29.300567107750474
v024,2,[2] north east,3757,20.888468809073725
v024,3,[3] north central,3215,17.875013899699766
v024,4,[4] south east,2006,11.153119092627598
v024,5,[5] south south,1988,11.053041254308907
v024,6,[6] south west,1750,9.729789836539531
v025,2,[2] rural,10771,59.88546647392417
v025,1,[1] urban,7215,40.11453352607583
v012,25,25,1186,6.5940175692205045
v012,30,30,1040,5.782275102857779
v012,28,28,983,5.465361948181919
v012,27,27,972,5.404203269209385
v012,26,26,946,5.259646391637941
v012,24,24,879,4.887134437896141
v012,32,32,875,4.864894918269766
v012,23,23,846,4.703658400978538
v012,31,31,824,4.58134104303347
v012,35,35,820,4.559101523407094
v012,20,20,788,4.381185366396085
v012,29,29,759,4.219948849104859
v012,22,22,725,4.030912932280663
v012,33,33,668,3.713999777604804
v012,21,21,653,3.6306015790058934
v012,34,34,620,3.447125542088291
v012,36,36,534,2.9689758701212052
v012,37,37,502,2.791059713110197
v012,38,38,465,2.5853441565662183
v012,19,19,421,2.3407094406760813
v012,40,40,408,2.2684310018903595
v012,39,39,377,2.096074724785945
v012,18,18,325,1.8069609696430555
v012,41,41,287,1.595685533192483
v012,42,42,227,1.262092738796842
v012,43,43,195,1.0841765817858335
v012,17,17,140,0.7783831869231624
v012,44,44,131,0.7283442677638163
v012,45,45,116,0.644946069164906
v012,46,46,68,0.3780718336483932
v012,16,16,58,0.322473034582453
v012,47,47,53,0.29467363504948296
v012,48,48,52,0.28911375514288895
v012,49,49,33,0.1834760369176026
v012,15,15,10,0.055598799065940174
v013,3,[3] 25-29,4846,26.94317802735461
v013,4,[4] 30-34,4027,22.389636383854107
v013,2,[2] 20-24,3891,21.633492716557324
v013,5,[5] 35-39,2698,15.00055598799066
v013,6,[6] 40-44,1248,6.938730123429333
v013,1,[1] 15-19,954,5.304125430890693
v013,7,[7] 45-49,322,1.7902813299232736
v106,0,[0] no education,7315,40.670521516735235
v106,2,[2] secondary,6462,35.92794395641054
v106,3,[3] higher,2233,12.415211831424442
v106,1,[1] primary,1976,10.986322695429779
v190,1,[1] poorest,4354,24.207717113310352
v190,4,[4] richer,3537,19.66529522962304
v190,2,[2] poorer,3510,19.515178472145
v190,3,[3] middle,3471,19.298343155787833
v190,5,[5] richest,3114,17.31346602913377
v201,2,2,3359,18.675636606249306
v201,1,1,3127,17.38574446791949
v201,3,3,2954,16.42388524407873
v201,4,4,2535,14.094295563215834
v201,5,5,1839,10.224619148226397
v201,6,6,1219,6.7774936061381075
v201,7,7,912,5.070610474813744
v201,8,8,621,3.4526854219948846
v201,0,0,515,2.863338151895919
v201,9,9,397,2.2072723229178246
v201,10,10,259,1.4400088958078505
v201,11,11,132,0.7339041476704103
v201,12,12,67,0.3725119537417992
v201,13,13,34,0.1890359168241966
v201,14,14,11,0.061158678972534186
v201,15,15,3,0.016679639719782053
v201,17,17,2,0.011119759813188036
v501,1,[1] married,15990,88.90247970643834
v501,2,[2] living with partner,932,5.181808072945624
v501,0,[0] never in union,589,3.274769264983876
v501,5,[5] no longer living together/separated,185,1.0285777827198932
v501,4,[4] divorced,147,0.8173023462693206
v501,3,[3] widowed,143,0.7950628266429446
v714,1,[1] yes,10604,58.95696652952296
v714,0,[0] no,7382,41.043033470477035
v481,0,[0] no,17479,97.18114088735683
v481,1,[1] yes,507,2.818859112643167
v467d,2,[2] not a big problem,12675,70.47147781607917
v467d,1,[1] big problem,5311,29.52852218392083
v743a,4,[4] husband/partner alone,8730,48.537751584565775
v743a,2,[2] respondent and husband/partner,6197,34.45457578116313
v743a,1,[1] respondent alone,1967,10.936283776270432
v743a,<MISSING>,<MISSING>,1064,5.915712220616035
v743a,5,[5] someone else,25,0.13899699766485044
v743a,6,[6] other,3,0.016679639719782053
v743b,4,[4] husband/partner alone,9675,53.79183809629712
v743b,2,[2] respondent and husband/partner,6135,34.109863226954296
v743b,<MISSING>,<MISSING>,1064,5.915712220616035
v743b,1,[1] respondent alone,1061,5.899032580896253
v743b,5,[5] someone else,38,0.21127543645057265
v743b,6,[6] other,13,0.07227843878572224
v743d,2,[2] respondent and husband/partner,7372,40.9874346714111
v743d,4,[4] husband/partner alone,6891,38.31313243633937
v743d,1,[1] respondent alone,2620,14.566885355276327
v743d,<MISSING>,<MISSING>,1064,5.915712220616035
v743d,6,[6] other,25,0.13899699766485044
v743d,5,[5] someone else,14,0.07783831869231625
p19,12,12,656,3.6472812187256753
p19,3,3,584,3.2469698654509065
p19,13,13,577,3.208050706104748
p19,4,4,575,3.1969309462915603
p19,5,5,564,3.135772267319026
p19,6,6,560,3.1135327476926498
p19,10,10,550,3.05793394862671
p19,2,2,544,3.0245746691871456
p19,9,9,543,3.0190147892805514
p19,14,14,542,3.0134549093739573
p19,34,34,542,3.0134549093739573
p19,0,0,536,2.9800956299343935
p19,8,8,535,2.9745357500277994
p19,7,7,533,2.9634159902146116
p19,1,1,526,2.924496830868453
p19,11,11,512,2.846658512176137
p19,15,15,494,2.7465806738574448
p19,32,32,491,2.729901034137663
p19,33,33,484,2.6909818747915044
p19,17,17,481,2.6743022350717225
p19,16,16,479,2.6631824752585342
p19,19,19,475,2.640942955632158
p19,25,25,472,2.6242633159123763
p19,26,26,470,2.6131435560991885
p19,27,27,467,2.596463916379406
p19,24,24,465,2.5853441565662183
p19,20,20,459,2.551984877126654
p19,30,30,458,2.54642499722006
p19,22,22,456,2.535305237406872
p19,31,31,446,2.4797064383409317
p19,29,29,444,2.468586678527744
p19,21,21,438,2.4352273990881796
p19,23,23,422,2.3462693205826755
p19,35,35,422,2.3462693205826755
p19,28,28,397,2.2072723229178246
p19,18,18,387,2.1516735238518847
m80,1,[1] most recent live birth,14040,78.06071388858
m80,2,[2] prior live birth,1953,10.858445457578117
m80,5,[5] miscarriage/abortion,1676,9.318358723451574
m80,3,[3] most recent stillbirth,301,1.6735238518847992
m80,4,[4] prior stillbirth,16,0.08895807850550429
m2a,0,[0] no,11429,63.54386745246303
m2a,<MISSING>,<MISSING>,3645,20.265762259535194
m2a,1,[1] yes,2912,16.19037028800178
m2b,1,[1] yes,7833,43.55053930835094
m2b,0,[0] no,6508,36.183698432113864
m2b,<MISSING>,<MISSING>,3645,20.265762259535194
m2c,0,[0] no,12904,71.74469031468921
m2c,<MISSING>,<MISSING>,3645,20.265762259535194
m2c,1,[1] yes,1437,7.989547425775603
m2d,<MISSING>,<MISSING>,17986,100
m2e,<MISSING>,<MISSING>,17986,100
m2f,<MISSING>,<MISSING>,17986,100
m2g,0,[0] no,14253,79.24496830868452
m2g,<MISSING>,<MISSING>,3645,20.265762259535194
m2g,1,[1] yes,88,0.4892694317802735
m2h,0,[0] no,14184,78.86133659512954
m2h,<MISSING>,<MISSING>,3645,20.265762259535194
m2h,1,[1] yes,157,0.8729011453352608
m2i,0,[0] no,14076,78.26086956521739
m2i,<MISSING>,<MISSING>,3645,20.265762259535194
m2i,1,[1] yes,265,1.4733681752474146
m2j,<MISSING>,<MISSING>,17986,100
m2k,0,[0] no,14331,79.67863894139886
m2k,<MISSING>,<MISSING>,3645,20.265762259535194
m2k,1,[1] yes,10,0.055598799065940174
m2l,<MISSING>,<MISSING>,17986,100
m2m,<MISSING>,<MISSING>,17986,100
m2n,0,[0] no: some care,10447,58.0840653841877
m2n,1,[1] yes: no care,3894,21.650172356277103
m2n,<MISSING>,<MISSING>,3645,20.265762259535194
m13,<MISSING>,<MISSING>,7539,41.9159346158123
m13,5,5,2398,13.332592016012454
m13,4,4,2157,11.992660958523297
m13,3,3,1801,10.013343711775825
m13,6,6,1684,9.362837762704325
m13,7,7,1060,5.893472700989658
m13,2,2,644,3.580562659846547
m13,1,1,328,1.8236406093628377
m13,8,8,288,1.601245413099077
m13,9,9,65,0.36139219392861116
m13,98,[98] don't know,22,0.12231735794506837
m14,0,[0] no antenatal visits,3894,21.650172356277103
m14,<MISSING>,<MISSING>,3645,20.265762259535194
m14,4,4,1631,9.068164127654843
m14,5,5,1596,8.873568330924051
m14,3,3,1464,8.139664183253641
m14,6,6,1165,6.47726009118203
m14,2,2,748,4.158790170132325
m14,8,8,652,3.6250416990992997
m14,7,7,646,3.5916824196597354
m14,10,10,414,2.3017902813299234
m14,98,[98] don't know,386,2.1461136439452906
m14,1,1,358,1.9904370065606585
m14,9,9,291,1.6179250528188593
m14,12,12,283,1.573446013566107
m14,20,20,181,1.0063382630935171
m14,15,15,143,0.7950628266429446
m14,11,11,101,0.5615478705659958
m14,18,18,91,0.5059490715000556
m14,16,16,89,0.49482931168686756
m14,14,14,81,0.4503502724341154
m14,13,13,75,0.41699099299455133
m14,17,17,33,0.1834760369176026
m14,19,19,19,0.10563771822528632
m42c,1,[1] yes,9703,53.94751473368176
m42c,<MISSING>,<MISSING>,7539,41.9159346158123
m42c,0,[0] no,732,4.069832091626821
m42c,8,[8] don't know,12,0.06671855887912821
m42d,1,[1] yes,9266,51.517847214500165
m42d,<MISSING>,<MISSING>,7539,41.9159346158123
m42d,0,[0] no,1170,6.505059490715001
m42d,8,[8] don't know,11,0.061158678972534186
m42e,1,[1] yes,9282,51.60680529300568
m42e,<MISSING>,<MISSING>,7539,41.9159346158123
m42e,0,[0] no,1152,6.404981652396308
m42e,8,[8] don't know,13,0.07227843878572224
m42f,1,[1] yes,9468,52.640942955632156
m42f,<MISSING>,<MISSING>,7539,41.9159346158123
m42f,0,[0] no,951,5.28744579117091
m42f,8,[8] don't know,28,0.1556766373846325
m42g,1,[1] yes,8635,48.00956299343934
m42g,<MISSING>,<MISSING>,7539,41.9159346158123
m42g,0,[0] no,1790,9.95218503280329
m42g,8,[8] don't know,22,0.12231735794506837
m42h,1,[1] yes,8082,44.93494940509285
m42h,<MISSING>,<MISSING>,7539,41.9159346158123
m42h,0,[0] no,2341,13.015678861336596
m42h,8,[8] don't know,24,0.13343711775825642
m42i,<MISSING>,<MISSING>,7539,41.9159346158123
m42i,1,[1] yes,7333,40.77059935505393
m42i,0,[0] no,3084,17.14666963193595
m42i,8,[8] don't know,30,0.16679639719782052
m15,11,[11] her home,8029,44.64027577004337
m15,24,[24] primary health care center,2199,12.226175914600244
m15,<MISSING>,<MISSING>,1676,9.318358723451574
m15,31,[31] private hospital,1671,9.290559323918602
m15,23,[23] general hospital,1547,8.601134215500945
m15,12,[12] other home,632,3.513844100967419
m15,25,[25] primary health clinic,510,2.835538752362949
m15,37,[37] maternity center,498,2.768820193483821
m15,32,[32] private clinic,400,2.223951962637607
m15,21,[21] teaching hospital,181,1.0063382630935171
m15,22,[22] federal medical center,179,0.9952185032803292
m15,26,[26] health post,104,0.5782275102857779
m15,96,[96] other,93,0.5170688313132437
m15,41,[41] faith-based hospital,74,0.41143111308795727
m15,42,[42] faith-based clinic,67,0.3725119537417992
m15,35,[35] private doctor,43,0.23907483598354273
m15,33,[33] pharmacy,23,0.1278772378516624
m15,34,[34] patent and proprietary medicine vendors (ppmv),22,0.12231735794506837
m15,27,[27] other public sector,15,0.08339819859891026
m15,46,[46] other ngo medical sector,12,0.06671855887912821
m15,36,[36] mobile clinic,7,0.038919159346158125
m15,38,[38] other private medical,4,0.022239519626376072
m3a,0,[0] no,13949,77.55476481707994
m3a,1,[1] yes,2361,13.126876459468475
m3a,<MISSING>,<MISSING>,1676,9.318358723451574
m3b,0,[0] no,9374,52.118314244412325
m3b,1,[1] yes,6936,38.56332703213611
m3b,<MISSING>,<MISSING>,1676,9.318358723451574
m3c,0,[0] no,15566,86.54509062604248
m3c,<MISSING>,<MISSING>,1676,9.318358723451574
m3c,1,[1] yes,744,4.136550650505949
m3d,<MISSING>,<MISSING>,17986,100
m3e,<MISSING>,<MISSING>,17986,100
m3f,<MISSING>,<MISSING>,17986,100
m3g,0,[0] no,13734,76.35939063716224
m3g,1,[1] yes,2576,14.322250639386189
m3g,<MISSING>,<MISSING>,1676,9.318358723451574
m3h,0,[0] no,15900,88.40209051484487
m3h,<MISSING>,<MISSING>,1676,9.318358723451574
m3h,1,[1] yes,410,2.279550761703547
m3i,0,[0] no,12508,69.54297787167796
m3i,1,[1] yes,3802,21.138663404870456
m3i,<MISSING>,<MISSING>,1676,9.318358723451574
m3j,0,[0] no,16155,89.81985989102635
m3j,<MISSING>,<MISSING>,1676,9.318358723451574
m3j,1,[1] yes,155,0.8617813855220727
m3k,0,[0] no,16297,90.6093628377627
m3k,<MISSING>,<MISSING>,1676,9.318358723451574
m3k,1,[1] yes,13,0.07227843878572224
m3l,<MISSING>,<MISSING>,17986,100
m3m,<MISSING>,<MISSING>,17986,100
m3n,0,[0] no: some assistance,14713,81.80251306571779
m3n,<MISSING>,<MISSING>,1676,9.318358723451574
m3n,1,[1] yes: no assistance,1597,8.879128210830647
m62,<MISSING>,<MISSING>,11453,63.67730457022128
m62,1,[1] yes,5213,28.98365395307461
m62,0,[0] no,1320,7.339041476704103
m63,<MISSING>,<MISSING>,12773,71.01634604692538
m63,101,101,1518,8.439897698209718
m63,100,[100] zero hours,1322,7.350161236517291
m63,102,102,984,5.470921828088513
m63,103,103,455,2.529745357500278
m63,104,104,177,0.9840987434671411
m63,105,105,166,0.922940064494607
m63,106,106,125,0.6949849883242522
m63,201,[201] one day,122,0.6783053486044701
m63,998,[998] don't know,62,0.3447125542088291
m63,108,108,49,0.27243411542310686
m63,202,202,46,0.2557544757033248
m63,112,112,35,0.1945957967307906
m63,107,107,23,0.1278772378516624
m63,109,109,18,0.10007783831869231
m63,124,124,18,0.10007783831869231
m63,110,110,16,0.08895807850550429
m63,111,111,14,0.07783831869231625
m63,203,203,11,0.061158678972534186
m63,301,[301] one week,6,0.033359279439564106
m63,205,205,5,0.027799399532970087
m63,302,302,5,0.027799399532970087
m63,204,204,4,0.022239519626376072
m63,113,113,3,0.016679639719782053
m63,114,114,3,0.016679639719782053
m63,118,118,3,0.016679639719782053
m63,120,120,3,0.016679639719782053
m63,130,130,3,0.016679639719782053
m63,115,115,2,0.011119759813188036
m63,117,117,2,0.011119759813188036
m63,123,123,2,0.011119759813188036
m63,303,303,2,0.011119759813188036
m63,306,306,2,0.011119759813188036
m63,119,119,1,0.005559879906594018
m63,160,160,1,0.005559879906594018
m63,206,206,1,0.005559879906594018
m63,207,207,1,0.005559879906594018
m63,210,210,1,0.005559879906594018
m63,304,304,1,0.005559879906594018
m63,305,305,1,0.005559879906594018
m64,<MISSING>,<MISSING>,12773,71.01634604692538
m64,12,[12] nurse/midwife,3029,16.840876237073278
m64,11,[11] doctor,1782,9.90770599355054
m64,13,[13] community health extension worker,246,1.3677304570221283
m64,21,[21] auxiliary midwife,78,0.4336706327143333
m64,23,[23] community health influencers promoters and services (chips)/community health wor,60,0.33359279439564105
m64,22,[22] traditional birth attendant,18,0.10007783831869231
m66,0,[0] no,12062,67.06327143333704
m66,<MISSING>,<MISSING>,3645,20.265762259535194
m66,1,[1] yes,2279,12.670966307127765
m67,<MISSING>,<MISSING>,15707,87.32903369287224
m67,100,[100] zero hours,534,2.9689758701212052
m67,101,101,386,2.1461136439452906
m67,201,[201] one day,268,1.4900478149671967
m67,202,202,203,1.1286556210385856
m67,102,102,195,1.0841765817858335
m67,103,103,121,0.6727454686978761
m67,203,203,108,0.600467029912154
m67,301,[301] one week,50,0.27799399532970087
m67,104,104,47,0.26131435560991884
m67,105,105,38,0.21127543645057265
m67,207,207,37,0.20571555654397863
m67,204,204,36,0.20015567663738462
m67,302,302,35,0.1945957967307906
m67,106,106,27,0.1501167574780385
m67,205,205,25,0.13899699766485044
m67,124,124,23,0.1278772378516624
m67,306,306,20,0.11119759813188035
m67,108,108,19,0.10563771822528632
m67,107,107,13,0.07227843878572224
m67,206,206,11,0.061158678972534186
m67,303,303,9,0.050038919159346155
m67,304,304,8,0.044479039252752144
m67,110,110,7,0.038919159346158125
m67,112,112,7,0.038919159346158125
m67,208,208,7,0.038919159346158125
m67,210,210,7,0.038919159346158125
m67,109,109,5,0.027799399532970087
m67,998,[998] don't know,5,0.027799399532970087
m67,209,209,4,0.022239519626376072
m67,111,111,3,0.016679639719782053
m67,114,114,3,0.016679639719782053
m67,118,118,3,0.016679639719782053
m67,217,217,3,0.016679639719782053
m67,113,113,2,0.011119759813188036
m67,115,115,2,0.011119759813188036
m67,212,212,2,0.011119759813188036
m67,121,121,1,0.005559879906594018
m67,211,211,1,0.005559879906594018
m67,230,230,1,0.005559879906594018
m67,241,241,1,0.005559879906594018
m67,308,308,1,0.005559879906594018
m67,310,310,1,0.005559879906594018
m68,<MISSING>,<MISSING>,15707,87.32903369287224
m68,12,[12] nurse/midwife,938,5.215167352385189
m68,22,[22] traditional birth attendant,594,3.3025686645168464
m68,11,[11] doctor,384,2.134993884132103
m68,13,[13] community health extension worker,153,0.8506616257088847
m68,21,[21] auxiliary midwife,130,0.7227843878572223
m68,23,[23] community health influencers promoters and services (chips)/community health wor,46,0.2557544757033248
m68,96,[96] other,34,0.1890359168241966
m70,0,[0] no,11670,64.88379850995219
m70,<MISSING>,<MISSING>,3946,21.939286111419992
m70,1,[1] yes,2332,12.965639942177248
m70,8,[8] don't know,38,0.21127543645057265
m71,<MISSING>,<MISSING>,15654,87.03436005782275
m71,100,[100] immediately/in first hour,565,3.14133214722562
m71,101,[101] hours: 1,325,1.8069609696430555
m71,201,[201] days: 1,302,1.6790837317913934
m71,202,202,215,1.1953741799177138
m71,102,102,203,1.1286556210385856
m71,103,103,111,0.617146669631936
m71,203,203,111,0.617146669631936
m71,301,[301] weeks: 1,51,0.28355387523629494
m71,105,105,47,0.26131435560991884
m71,104,104,45,0.2501945957967308
m71,106,106,39,0.21683531635716666
m71,204,204,36,0.20015567663738462
m71,205,205,34,0.1890359168241966
m71,302,302,32,0.17791615701100857
m71,207,207,31,0.17235627710441456
m71,108,108,24,0.13343711775825642
m71,306,306,21,0.11675747803847436
m71,124,124,18,0.10007783831869231
m71,304,304,14,0.07783831869231625
m71,206,206,13,0.07227843878572224
m71,107,107,12,0.06671855887912821
m71,208,208,12,0.06671855887912821
m71,110,110,8,0.044479039252752144
m71,998,[998] don't know,8,0.044479039252752144
m71,112,112,7,0.038919159346158125
m71,109,109,5,0.027799399532970087
m71,209,209,5,0.027799399532970087
m71,210,210,5,0.027799399532970087
m71,303,303,4,0.022239519626376072
m71,111,111,3,0.016679639719782053
m71,113,113,3,0.016679639719782053
m71,118,118,2,0.011119759813188036
m71,212,212,2,0.011119759813188036
m71,214,214,2,0.011119759813188036
m71,309,309,2,0.011119759813188036
m71,114,114,1,0.005559879906594018
m71,115,115,1,0.005559879906594018
m71,120,120,1,0.005559879906594018
m71,121,121,1,0.005559879906594018
m71,128,128,1,0.005559879906594018
m71,130,130,1,0.005559879906594018
m71,136,136,1,0.005559879906594018
m71,216,216,1,0.005559879906594018
m71,217,217,1,0.005559879906594018
m71,224,224,1,0.005559879906594018
m71,230,230,1,0.005559879906594018
m71,240,240,1,0.005559879906594018
m71,307,307,1,0.005559879906594018
m71,308,308,1,0.005559879906594018
m71,310,310,1,0.005559879906594018
m72,<MISSING>,<MISSING>,15654,87.03436005782275
m72,22,[22] traditional birth attendant,881,4.8982541977093295
m72,12,[12] nurse/midwife,841,4.675859001445569
m72,11,[11] doctor,255,1.4177693761814745
m72,21,[21] auxiliary midwife,146,0.8117424663627266
m72,13,[13] community health extension worker,130,0.7227843878572223
m72,23,[23] community health influencers promoters and services (chips)/community health wor,52,0.28911375514288895
m72,96,[96] other,27,0.1501167574780385
m74,<MISSING>,<MISSING>,11606,64.52796619593016
m74,1,[1] yes,4956,27.554764817079953
m74,0,[0] no,1397,7.767152229511842
m74,8,[8] don't know,27,0.1501167574780385
m75,<MISSING>,<MISSING>,13030,72.44523518292006
m75,101,101,1488,8.273101301011899
m75,100,[100] zero hours,1291,7.177804959412877
m75,102,102,939,5.220727232291782
m75,103,103,422,2.3462693205826755
m75,104,104,151,0.8395418658956967
m75,105,105,130,0.7227843878572223
m75,201,[201] one day,114,0.633826309351718
m75,106,106,101,0.5615478705659958
m75,998,[998] don't know,61,0.33915267430223506
m75,202,202,46,0.2557544757033248
m75,108,108,42,0.23351495607694872
m75,112,112,31,0.17235627710441456
m75,107,107,30,0.16679639719782052
m75,203,203,17,0.0945179584120983
m75,124,124,16,0.08895807850550429
m75,109,109,14,0.07783831869231625
m75,110,110,13,0.07227843878572224
m75,111,111,8,0.044479039252752144
m75,114,114,5,0.027799399532970087
m75,120,120,4,0.022239519626376072
m75,115,115,3,0.016679639719782053
m75,118,118,3,0.016679639719782053
m75,205,205,3,0.016679639719782053
m75,206,206,3,0.016679639719782053
m75,301,[301] one week,3,0.016679639719782053
m75,302,302,3,0.016679639719782053
m75,113,113,2,0.011119759813188036
m75,207,207,2,0.011119759813188036
m75,306,306,2,0.011119759813188036
m75,116,116,1,0.005559879906594018
m75,117,117,1,0.005559879906594018
m75,119,119,1,0.005559879906594018
m75,122,122,1,0.005559879906594018
m75,123,123,1,0.005559879906594018
m75,130,130,1,0.005559879906594018
m75,160,160,1,0.005559879906594018
m75,204,204,1,0.005559879906594018
m75,305,305,1,0.005559879906594018
m76,<MISSING>,<MISSING>,13030,72.44523518292006
m76,12,[12] nurse/midwife,3008,16.724118759034805
m76,11,[11] doctor,1585,8.812409651951517
m76,13,[13] community health extension worker,211,1.1731346602913377
m76,21,[21] auxiliary midwife,82,0.4559101523407094
m76,23,[23] community health influencers promoters and services (chips)/community health wor,51,0.28355387523629494
m76,22,[22] traditional birth attendant,18,0.10007783831869231
m76,96,[96] other,1,0.005559879906594018
